SMILES,Tg,Density,Tc
*/C(=C/CC*)C,,0.883356872,0.304049871
*/C(=C\CC*)C(C)(C)C,,0.865138951,0.230866797
*/C(C)=C(/*)C(C)C,,0.742358507,0.320934176
*/C(Cl)=C(/*)c1ccccc1,,1.076752211,0.185906754
*/C=C(/*)C(C)(C)C,,0.776287524,0.284244599
*/C=C(/*)c1ccc(-c2ccc(C#C)cc2)cc1,,1.042090871,0.264801989
*/C=C(/*)c1ccc(C#C)cc1,,1.010292342,0.298685003
*/C=C(/*)c1cccc(C#C)c1,,1.016829963,0.274746743
*/C=C/C(C(=O)OCc1ccc(Cl)cc1)C(*)C(=O)OCc1ccc(Cl)cc1,,1.258571666,0.171830845
*/C=C/C(C*)C(CC)C,,0.850539749,0.237962753
*/C=C/C(C*)OC,,1.003981727,0.250969245
*/C=C/C1CC(*)C2C(=O)N(CCCCC)C(=O)C12,,1.050823811,0.236932175
*/C=C/C1CC(*)C2C(=O)N(CCCCCC)C(=O)C12,,1.035217626,0.232246101
*/C=C/CC*,,0.883044552,0.303711437
*/C=C/CCC*,,0.870773195,0.289325665
*/C=C/CCCCCCCCCC*,,0.853346172,0.336324709
*/C=C\*,,0.959011341,0.573236329
*/C=C\CC*,,0.891055243,0.266947942
*/C=C\CCC*,,0.876838662,0.244482147
*/C=C\CCCC*,,0.868416895,0.263602776
*/C=C\CCCCC*,,0.867588794,0.271936281
*C#C/C(=C(*)\COS(=O)(=O)c1ccc(cc1)C)COS(=O)(=O)c1ccc(cc1)C,,1.251976494,0.255175548
*C(*)C(=O)OC,,1.150760389,0.222112653
*C(*)C(=O)OC(C)C,,1.034629356,0.218613254
*C(*)C(=O)OCC,,1.092477839,0.225814865
*C(*)C(=O)OCCC,,1.065852977,0.244933508
*C(=CCC*)C(C)C,,0.8495405,0.235767575
*C(=CCC*)CCC,,0.866168537,0.257522564
*C(=CCC*)CCCCCCC,,0.850100168,0.278102134
*C(=CCC*)c1ccccc1,,1.017027333,0.209330511
*C(=CCCC*)c1ccc(cc1)Cl,,1.123124794,0.170800563
*C(=CCCC*)c1ccc(cc1)OC,,1.035052361,0.225130935
*C(=CCCC*)c1ccccc1,,1.00581957,0.210673224
*C(=O)CCCCCCCCC(=O)N1CCN(*)CC1,,1.068360477,0.32743928
*C(=O)NC1CCC(CC2CCC(NC(=O)c3ccc(N4C(=O)c5ccc(*)cc5C4=O)cc3)CC2)CC1,,1.133082066,0.308291763
*C(=O)NCCNC(=O)c1ccc(N2C(=O)c3ccc(*)cc3C2=O)cc1,,1.289378324,0.262578056
*C(=O)Nc1ccc(C2(c3ccc(NC(=O)c4ccc5c(c4)C(=O)N(c4ccc(Sc6ccc(Oc7ccc(Sc8ccc(N9C(=O)c%10ccc(*)cc%10C9=O)cc8)cc7)cc6)cc4)C5=O)cc3)c3ccccc3-c3ccccc32)cc1,,1.211912125,0.233545227
*C(=O)Nc1ccc(Cc2ccc(NC(=O)c3ccc(N4C(=O)c5ccc(*)cc5C4=O)cc3)cc2)cc1,,1.230142757,0.335151924
*C(=O)Nc1ccc(NC(=O)c2ccc(N3C(=O)c4ccc(*)cc4C3=O)cc2)cc1,,1.30038156,0.439609719
*C(=O)Nc1cccc(/C=C/C(=O)/C=C/c2cccc(NC(=O)c3ccc(N4C(=O)c5ccc(*)cc5C4=O)cc3)c2)c1,,1.200829298,0.288072027
*C(=O)Nc1cccc(C#Cc2cccc(N3C(=O)c4ccc(*)cc4C3=O)c2)c1,,1.207196695,0.254775725
*C(=O)Nc1cccc(NC(=O)/C=C/c2cccc(N3C(=O)c4ccc(*)cc4C3=O)c2)c1,,1.251502611,0.283388677
*C(=O)Nc1cccc(NC(=O)c2ccc(N3C(=O)c4ccc(*)cc4C3=O)cc2)c1,,1.288525485,0.316497691
*C(=O)Nc1ccccc1NC(=O)c1ccc(N2C(=O)c3ccc(*)cc3C2=O)cc1,,1.285201084,0.229940242
*C(=O)OCCOC(=O)c1ccc(*)o1,,1.294258311,0.228261215
*C(=O)Oc1ccc(C(C)(C)c2ccc(OC(=O)c3ccc4c(c3)C(=O)N(c3ccc(-c5ccc(N6C(=O)c7ccc(*)cc7C6=O)c(C)c5)cc3C)C4=O)cc2)cc1,,1.160979338,0.295505091
*C(=O)Oc1ccc(C(C)(C)c2ccc(OC(=O)c3ccc4c(c3)C(=O)N(c3ccc(-c5ccc(N6C(=O)c7ccc(*)cc7C6=O)cc5)cc3)C4=O)cc2)cc1,,1.209449516,0.29891003
*C(=O)Oc1ccc(C(C)(C)c2ccc(OC(=O)c3ccc4c(c3)C(=O)N(c3ccc(Oc5ccc(N6C(=O)c7ccc(*)cc7C6=O)cc5)cc3)C4=O)cc2)cc1,,1.224361443,0.279921661
*C(=O)Oc1ccc(C(C)(C)c2ccc(OC(=O)c3ccc4c(c3)C(=O)n3c-4nc4ccc(Oc5ccc6c(c5)nc5n6C(=O)c6ccc(*)cc6-5)cc43)cc2)cc1,,1.233967696,0.251191461
*C(=O)Oc1ccc(OC(=O)c2ccc3c(c2)C(=O)N(C2CCC(N4C(=O)c5ccc(*)cc5C4=O)CC2)C3=O)cc1,,1.262452899,0.321091285
*C(=O)Oc1ccc(OC(=O)c2ccc3c(c2)C(=O)N(c2ccc(-c4ccc(N5C(=O)c6ccc(*)cc6C5=O)cc4C(F)(F)F)c(C(F)(F)F)c2)C3=O)cc1,,1.335659721,0.282111699
*C(=O)Oc1ccc(OC(=O)c2ccc3c(c2)C(=O)N(c2ccc(C(=O)Nc4ccc(N5C(=O)c6ccc(*)cc6C5=O)cc4)cc2)C3=O)cc1,,1.306231148,0.32622674
*C(=O)Oc1ccc(OC(=O)c2ccc3c(c2)C(=O)N(c2ccc(C(=O)Oc4ccc(N5C(=O)c6ccc(*)cc6C5=O)cc4)cc2)C3=O)cc1,,1.303485145,0.322281096
*C(=O)Oc1ccc(OC(=O)c2ccc3c(c2)C(=O)N(c2ccc(Oc4ccc(N5C(=O)c6ccc(*)cc6C5=O)cc4)cc2)C3=O)cc1,,1.298210162,0.351158377
*C(=O)c1ccc2c(c1)C(=O)N(c1c(C(C)C)cc(Cc3cc(C(C)C)c(N4C(=O)c5ccc(*)cc5C4=O)c(C(C)C)c3)cc1C(C)C)C2=O,,1.001467547,0.204282612
*C(=O)c1ccc2c(c1)C(=O)N(c1c(C)c(C)c(N3C(=O)c4ccc(*)cc4C3=O)c(C)c1C)C2=O,,1.095689324,0.259917753
*C(=O)c1ccc2c(c1)C(=O)N(c1c(C)cc(C(c3cc(C)c(N4C(=O)c5ccc(*)cc5C4=O)c(C)c3)c3cccc4ccccc34)cc1C)C2=O,,1.052850236,0.210939398
*C(=O)c1ccc2c(c1)C(=O)N(c1c(C)cc(Cc3cc(C)c(N4C(=O)c5ccc(*)cc5C4=O)c(C)c3)cc1C)C2=O,,1.094593488,0.220094916
*C(=O)c1ccc2c(c1)C(=O)N(c1c(CC)cc(Cc3cc(CC)c(N4C(=O)c5ccc(*)cc5C4=O)c(CC)c3)cc1CC)C2=O,,1.063182588,0.222803856
*C(=O)c1ccc2c(c1)C(=O)N(c1cc(C(c3ccc(O)c(N4C(=O)c5ccc(*)cc5C4=O)c3)(C(F)(F)F)C(F)(F)F)ccc1O)C2=O,,1.335670182,0.189395669
*C(=O)c1ccc2c(c1)C(=O)N(c1ccc(-c3ccc(-c4ccc(N5C(=O)c6ccc(*)cc6C5=O)cc4)cc3)cc1)C2=O,,1.203391937,0.373595654
*C(=O)c1ccc2c(c1)C(=O)N(c1ccc(-c3ccc(N4C(=O)c5ccc(*)cc5C4=O)c(C)c3)cc1C)C2=O,,1.145826917,0.3105729
*C(=O)c1ccc2c(c1)C(=O)N(c1ccc(-c3ccc(N4C(=O)c5ccc(*)cc5C4=O)c(OC)c3)cc1OC)C2=O,,1.18302384,0.299180817
*C(=O)c1ccc2c(c1)C(=O)N(c1ccc(-c3ccc(N4C(=O)c5ccc(*)cc5C4=O)cc3)cc1)C2=O,,1.240794321,0.374004427
*C(=O)c1ccc2c(c1)C(=O)N(c1ccc(C(=O)Nc3ccc(N4C(=O)c5ccc(*)cc5C4=O)cc3)cc1)C2=O,,1.278260146,0.331274593
*C(=O)c1ccc2c(c1)C(=O)N(c1ccc(C(=O)Nc3cccc(N4C(=O)c5ccc(*)cc5C4=O)c3)cc1)C2=O,,1.280037721,0.299190121
*C(=O)c1ccc2c(c1)C(=O)N(c1ccc(C)c(N3C(=O)c4ccc(*)cc4C3=O)c1)C2=O,,1.21870301,0.229606072
*C(=O)c1ccc2c(c1)C(=O)N(c1ccc(C3(c4ccc(N5C(=O)c6ccc(*)cc6C5=O)cc4)c4ccccc4-c4ccccc43)cc1)C2=O,,1.135742607,0.227667352
*C(=O)c1ccc2c(c1)C(=O)N(c1ccc(Cc3ccc(N4C(=O)c5ccc(*)cc5C4=O)c(C)c3)cc1C)C2=O,,1.153645492,0.253414349
*C(=O)c1ccc2c(c1)C(=O)N(c1ccc(Cc3ccc(N4C(=O)c5ccc(*)cc5C4=O)cc3)cc1)C2=O,,1.231157372,0.272615302
*C(=O)c1ccc2c(c1)C(=O)N(c1ccc(N3C(=O)c4ccc(*)cc4C3=O)c(C)c1)C2=O,,1.220747915,0.27875452
*C(=O)c1ccc2c(c1)C(=O)N(c1ccc(N3C(=O)c4ccc(*)cc4C3=O)nc1)C2=O,,1.281940946,0.293057796
*C(=O)c1ccc2c(c1)C(=O)N(c1ccc(Oc3c(C)cc(Cc4cc(C)c(Oc5ccc(N6C(=O)c7ccc(*)cc7C6=O)cc5)c(C)c4)cc3C)cc1)C2=O,,1.149765843,0.236433639
*C(=O)c1ccc2c(c1)C(=O)N(c1ccc(Oc3cc4ccccc4cc3Oc3ccc(N4C(=O)c5ccc(*)cc5C4=O)cc3)cc1)C2=O,,1.249194838,0.240362753
*C(=O)c1ccc2c(c1)C(=O)N(c1ccc(Oc3ccc(-c4ccc(Oc5ccc(N6C(=O)c7ccc(*)cc7C6=O)cc5)cc4)cc3)cc1)C2=O,,1.228224345,0.33194566
*C(=O)c1ccc2c(c1)C(=O)N(c1ccc(Oc3ccc(C(=O)c4cccc(C(=O)c5ccc(Oc6ccc(N7C(=O)c8ccc(*)cc8C7=O)cc6)cc5)c4)cc3)cc1)C2=O,,1.236641993,0.261879265
*C(=O)c1ccc2c(c1)C(=O)N(c1ccc(Oc3ccc(C(c4ccc(Oc5ccc(N6C(=O)c7ccc(*)cc7C6=O)cc5)cc4)(C(F)(F)F)C(F)(F)F)cc3)cc1)C2=O,,1.29107138,0.230541679
*C(=O)c1ccc2c(c1)C(=O)N(c1ccc(Oc3cccc4c(Oc5ccc(N6C(=O)c7ccc(*)cc7C6=O)cc5)cccc34)cc1)C2=O,,1.237241822,0.253248203
*C(=O)c1ccc2c(c1)C(=O)N(c1ccc(Sc3ccc(N4C(=O)c5ccc(*)cc5C4=O)cc3)cc1)C2=O,,1.267940386,0.237456292
*C(=O)c1ccc2c(c1)C(=O)N(c1ccc3c(c1)Cc1cc(N4C(=O)c5ccc(*)cc5C4=O)ccc1-3)C2=O,,1.231381223,0.3325687
*C(=O)c1ccc2c(c1)C(=O)N(c1cccc(C(=O)N(C)c3ccc(N4C(=O)c5ccc(*)cc5C4=O)cc3)c1)C2=O,,1.248995932,0.253404651
*C(=O)c1ccc2c(c1)C(=O)N(c1cccc(C(=O)Nc3ccc(N4C(=O)c5ccc(*)cc5C4=O)cc3)c1)C2=O,,1.276055396,0.282680928
*C(=O)c1ccc2c(c1)C(=O)N(c1cccc(N3C(=O)c4ccc(*)cc4C3=O)c1C)C2=O,,1.20397476,0.256559347
*C(C(*)(F)F)(Cl)F,,1.892081877,0.119922243
*C(C(*)(F)F)(OC(C(C(C(F)(F)F)(F)F)(F)F)(F)F)F,,1.779887798,0.09864473
*C(C(*)(F)F)(OC(C(F)(F)F)(F)F)F,,1.710360798,0.104992442
*C(C(*)(F)F)(OC(C(F)F)F)F,,1.696241974,0.143872872
*C(C(*)(F)F)(OC(F)(F)F)F,,1.816452345,0.11540703
*C(C(*)(F)F)(OC(F)(F)F)OC(F)(F)F,,1.687186152,0.096025647
*C(C(*)(F)F)(c1c(c(c(c(c1F)F)F)F)F)F,,1.609094369,0.109340544
*C(C(*)(F)F)(c1ccccc1)F,,1.27745434,0.209551814
*C(C(*)(F)F)OC(F)(F)F,,1.726335987,0.113432798
*C(C(*)(c1c(c(c(c(c1[2H])[2H])[2H])[2H])[2H])[2H])([2H])[2H],,1.071664337,0.198937871
*C(C(*)F)(OC(F)(F)F)F,,1.750235753,0.115882336
*C(C(*)O)C,,1.029484838,0.269690871
*C(C(*)OC(C)(C)C)C,,0.874167946,0.203928088
*C(C(*)OC(C)C)C,,0.882335598,0.223844824
*C(C(*)OC)C,,0.947492501,0.217127213
*C(C(*)OCC(C)C)C,,0.889659735,0.222144713
*C(C(*)OCC)C,,0.920915603,0.227848602
*C(C(*)OCCC)C,,0.906495665,0.232191511
*C(C(*)OCCCC)C,,0.905549579,0.2476222
*C(C(*)c1ccccc1)[N+](=O)[O-],,1.094086295,0.16724356
*C(C(C(C*)OC)C(=O)O)C(=O)O,,1.266513017,0.302701509
*C(C(C(C*)c1ncccc1)c1ccccc1)c1ncccc1,,1.02787783,0.19889562
*C(C(C*)C)(C)C,,0.836805812,0.236350165
*C(C(CC*)C)C,,0.831701925,0.254887827
*C(C)C(C)*,,0.8235685,0.264498348
*C(C*)(C#N)C,,0.991092314,0.201063991
*C(C*)(C(=O)C)C,,0.974159692,0.212146266
*C(C*)(C(=O)C)F,,1.193983784,0.210118729
*C(C*)(C(=O)OC)C,,1.033055843,0.214253377
*C(C*)(C(=O)OC)c1ccccc1,,1.055775059,0.174256665
*C(C*)(C(=O)OCC)C,,0.990367795,0.214601581
*C(C*)(C(=O)OCCCC)C,,0.977791197,0.223797866
*C(C*)(C)C,,0.87060676,0.239525744
*C(C*)(CC(=O)OCCCCCCC)C(=O)OCCCCCCC,,0.966492654,0.268835353
*C(C*)(CC)C,,0.844525133,0.238234779
*C(C*)(CCC)C,,0.818195516,0.243076256
*C(C*)(F)F,,1.54254368,0.148188116
*C(C*)(OC)C,,0.955616256,0.207223659
*C(C*)(c1ccc(cc1)C(C)C)C,,0.902118305,0.22250314
*C(C*)(c1ccc(cc1)C)C,,0.92469499,0.206248478
*C(C*)(c1ccccc1)C,,0.964538381,0.20669134
*C(C*)C,,0.83573244,0.25877338
*C(C*)C#N,,1.046677705,0.227307045
*C(C*)C(=O)C,,1.032572569,0.26561373
*C(C*)C(=O)C(C)(C)C,,0.91707896,0.222675631
*C(C*)C(=O)C(C)C,,0.945283927,0.225007493
*C(C*)C(=O)C1CCCCC1,,0.971181484,0.219884069
*C(C*)C(=O)O,,1.303707229,0.351557632
*C(C*)C(=O)OC,,1.129183952,0.249473618
*C(C*)C(=O)OC(C(Cl)(F)F)(C(Cl)(F)F)F,,1.633953683,0.102567279
*C(C*)C(=O)OC(C(Cl)(F)F)(C(F)(F)F)F,,1.596822382,0.108082679
*C(C*)C(=O)OC(C(F)(F)F)(C(F)(F)F)F,,1.597661628,0.115357789
*C(C*)C(=O)OC(C(F)(F)F)C(F)(F)F,,1.536822752,0.132233355
*C(C*)C(=O)OC(C)(C)C,,0.971035325,0.228960032
*C(C*)C(=O)OC(C)C,,1.018190946,0.251403563
*C(C*)C(=O)OC1C2(CCC(C1)C2(C)C)C,,0.986288422,0.208176754
*C(C*)C(=O)OCC,,1.064568208,0.261966182
*C(C*)C(=O)OCC(C(C(F)(F)F)(F)F)(F)F,,1.563652716,0.134586462
*C(C*)C(=O)OCC(C(F)(F)F)(F)F,,1.493383044,0.143562058
*C(C*)C(=O)OCC(C(F)C(F)(F)F)(F)F,,1.535446377,0.149880398
*C(C*)C(=O)OCC(C)C,,0.997194883,0.241958713
*C(C*)C(=O)OCC(F)(F)F,,1.418541441,0.164710423
*C(C*)C(=O)OCC=C,,1.087141868,0.263380595
*C(C*)C(=O)OCCC,,1.030160522,0.245170112
*C(C*)C(=O)OCCCC,,1.001402306,0.255094023
*C(C*)C(=O)OCCCCCC,,0.963879959,0.259092425
*C(C*)C(=O)OCCCCCCC,,0.948837806,0.258296751
*C(C*)C(=O)OCCCCCCCC,,0.942140506,0.283339543
*C(C*)C(=O)OCCCCCCCCCCCC,,0.913403657,0.309141226
*C(C*)C(=O)OCCCCCCCCCCCCCC,,0.905452429,0.313712263
*C(C*)C(=O)OCCCCCCCCCCCCCCCC,,0.898806002,0.333661973
*C(C*)C(=O)OCCCCCCCCCCCCCCCCCC,,0.89196107,0.332315444
*C(C*)C(=O)OCCCCCCCCCCCCCCCCCCCCCC,,0.884876752,0.358016945
*C(C*)C(=O)c1c(cccc1)O,,1.187225592,0.225341707
*C(C*)C(=O)c1cc(c(cc1)Br)OC,,1.468622958,0.149327416
*C(C*)C(=O)c1cc(c(cc1)C)C,,1.036462114,0.223876284
*C(C*)C(=O)c1ccc(cc1)Br,,1.516763156,0.12605159
*C(C*)C(=O)c1ccc(cc1)C,,1.063196689,0.217537979
*C(C*)C(=O)c1ccc(cc1)C(C)(C)C,,0.988687181,0.231159229
*C(C*)C(=O)c1ccc(cc1)C(C)C,,1.019792447,0.236631114
*C(C*)C(=O)c1ccc(cc1)CC,,1.047672656,0.231546443
*C(C*)C(=O)c1ccc(cc1)CCC,,1.024315343,0.233892305
*C(C*)C(=O)c1ccc(cc1)Cl,,1.226369324,0.143955688
*C(C*)C(=O)c1ccc(cc1)OC,,1.136336939,0.228482209
*C(C*)C(=O)c1ccccc1,,1.110644943,0.183250902
*C(C*)C(C)(C)C,,0.80536494,0.210797175
*C(C*)C(C)C,,0.809481605,0.234342233
*C(C*)C(CC)C,,0.810410007,0.234228593
*C(C*)C(CC)CC,,0.81481654,0.243101437
*C(C*)C(c1ccccc1)C,,0.950614435,0.185319288
*C(C*)C1=CC=CS1,,1.168228212,0.196546556
*C(C*)C1CC(CCC1)C,,0.860408044,0.212366103
*C(C*)C1CC1,,0.894720922,0.241876535
*C(C*)C1CC=CCC1,,0.894488285,0.196699201
*C(C*)C1CCC(CC1)C,,0.846306645,0.229479225
*C(C*)C1CCC1,,0.890516521,0.225308463
*C(C*)C1CCCC1,,0.896070041,0.231107263
*C(C*)C1CCCCC1,,0.852752091,0.209246003
*C(C*)C=O,,1.136267031,0.267165471
*C(C*)CC,,0.833803273,0.264363289
*C(C*)CC(C)(C)C,,0.817611089,0.234660455
*C(C*)CC(C)C,,0.822248085,0.240918065
*C(C*)CC(CC)(C)C,,0.836728393,0.232292247
*C(C*)CC(CC)C,,0.825624108,0.263746378
*C(C*)CC(CC)CC,,0.829919646,0.26234017
*C(C*)CC1CCCC1,,0.89707436,0.258406248
*C(C*)CC1CCCCC1,,0.876520821,0.229332958
*C(C*)CCC,,0.82434244,0.261130695
*C(C*)CCC(C)(C)C,,0.816714682,0.249457925
*C(C*)CCC(CC)C,,0.835027112,0.265949678
*C(C*)CCC1CCCCC1,,0.887375098,0.251637679
*C(C*)CCCC,,0.825542476,0.275330549
*C(C*)CCCC(C)(C)C,,0.818440434,0.257288867
*C(C*)CCCC1CCCCC1,,0.882254928,0.265537579
*C(C*)CCCCC,,0.826026958,0.27463839
*C(C*)CCCCCC,,0.829569461,0.285305157
*C(C*)CCCCCCC,,0.830236127,0.3025418
*C(C*)CCCCCCCC,,0.830808762,0.311086292
*C(C*)CCCCCCCCC,,0.829999326,0.296879704
*C(C*)CCCCCCCCCC,,0.831539982,0.342728736
*C(C*)CCCCCCCCCCC,,0.833532988,0.329033378
*C(C*)CCCCCCCCCCCC,,0.83325233,0.357973495
*C(C*)CCCCCCCCCCCCC,,0.833225353,0.349106811
*C(C*)CCCCCCCCCCCCCC,,0.832142984,0.365110117
*C(C*)CCCCCCCCCCCCCCCC,,0.833313341,0.373038526
*C(C*)CCCCCCCCCCCCCCCCCCCC,,0.834006133,0.393169818
*C(C*)CCCCCCCCCO,,0.905412097,0.330609059
*C(C*)CCCN(C(C)C)C(C)C,,0.873653205,0.27772076
*C(C*)CCCN(CC(C)C)CC(C)C,,0.860541573,0.258228983
*C(C*)CCN(C(C)C)C(C)C,,0.876082092,0.274221978
*C(C*)CCc1c(cccc1)C,,0.978579324,0.237337805
*C(C*)CCc1ccc(cc1)C,,0.970092286,0.23781263
*C(C*)CCc1ccccc1,,1.000097037,0.213754837
*C(C*)CNc1c(cc(cc1)[N+](=O)[O-])C,,1.182212775,0.245603324
*C(C*)CNc1c(cc(cc1)[N+](=O)[O-])[N+](=O)[O-],,1.348505594,0.236441097
*C(C*)CNc1cc(c(cc1)[N+](=O)[O-])C(F)(F)F,,1.382048926,0.206534587
*C(C*)CNc1ccc(cc1)[N+](=O)[O-],,1.230823085,0.252535899
*C(C*)CNc1ncc(cc1)[N+](=O)[O-],,1.274317315,0.238277713
*C(C*)Cc1c(ccc(c1)C)C,,0.944052893,0.219339206
*C(C*)Cc1c(cccc1)C,,0.972209312,0.211243073
*C(C*)Cc1cc(c(cc1)C)C,,0.95241273,0.220624848
*C(C*)Cc1cc(cc(c1)C)C,,0.95500293,0.227538068
*C(C*)Cc1cc(ccc1)C,,0.976778762,0.213029156
*C(C*)Cc1ccc(cc1)C,,0.968403914,0.20880675
*C(C*)Cc1ccccc1,,1.008541193,0.192462189
*C(C*)Cl,,1.332667324,0.142730624
*C(C*)N1C(=O)CCC1,,1.094286524,0.236040386
*C(C*)N1CNCC1,,1.079195126,0.239553034
*C(C*)N1Nc2c(C1)cccc2,,1.114969607,0.210041586
*C(C*)NC(=O)OC(C)(C)C,,1.015667029,0.240864603
*C(C*)O,,1.174363926,0.438737902
*C(C*)OC,,1.019931061,0.262373678
*C(C*)OC(=O)C,,1.1098647,0.258656205
*C(C*)OC(=O)C(C(C(C(C(C(C(C(C(F)(F)F)(F)F)(F)F)(F)F)(F)F)(F)F)(F)F)(F)F)(F)F,,1.802612793,0.117620774
*C(C*)OC(=O)C(C(C(C(C(C(C(F)(F)F)(F)F)(F)F)(F)F)(F)F)(F)F)(F)F,,1.765573426,0.118403797
*C(C*)OC(=O)C(C(C(C(C(F)(F)F)(F)F)(F)F)(F)F)(F)F,,1.72120682,0.117573176
*C(C*)OC(=O)C(C(C(C(F)(F)F)(F)F)(F)F)(F)F,,1.679400325,0.117895156
*C(C*)OC(=O)C(C(C(C)C)C)(C)C,,0.928292734,0.21225308
*C(C*)OC(=O)C(C(C(F)(F)F)(F)F)(F)F,,1.641934973,0.124821014
*C(C*)OC(=O)C(C(C)C)(C(C)C)C,,0.922754666,0.212645982
*C(C*)OC(=O)C(C(CC)(C)C)(C)C,,0.923293691,0.20834975
*C(C*)OC(=O)C(C(F)(F)F)(F)F,,1.581055156,0.134381971
*C(C*)OC(=O)C(CC(C)(C)C)(C)C,,0.930642496,0.214976534
*C(C*)OC(=O)C(CCC)(C)C,,0.945730555,0.219638957
*C(C*)OC(=O)C(F)(F)F,,1.49183688,0.160012719
*C(C*)OC(=O)C1(C(C(C(C(C1(F)F)(F)F)(F)F)(F)F)(F)F)F,,1.672175033,0.099404761
*C(C*)OC(=O)C1(CCCCC1)C,,0.984240621,0.199836391
*C(C*)OC(=O)C1CCCC1,,1.053718158,0.23014149
*C(C*)OC(=O)C1CCCCC1,,1.019054854,0.215272882
*C(C*)OC(=O)CC,,1.060167238,0.254353251
*C(C*)OC(=O)CC(c1ccccc1)(C)C,,1.066509964,0.205542847
*C(C*)OC(=O)CC1CCCC1,,1.046233355,0.236625928
*C(C*)OC(=O)CC1CCCCC1,,1.017496565,0.222720187
*C(C*)OC(=O)CCCC(=O)c1ccccc1,,1.150898047,0.238763693
*C(C*)OC(=O)CCCC1CCCCC1,,0.995240688,0.244722191
*C(C*)OC(=O)CCCCC,,0.977136755,0.259631398
*C(C*)OC(=O)CCCCCCC,,0.953535589,0.270802383
*C(C*)OC(=O)CCCCCCCCC,,0.93553504,0.286467814
*C(C*)OC(=O)CCCCCCCCCCC,,0.921917489,0.282501246
*C(C*)OC(=O)CCl,,1.372301072,0.218868603
*C(C*)OC(=O)c1c(cccc1)C,,1.128727674,0.223566569
*C(C*)OC(=O)c1c(cccc1)Cl,,1.293059527,0.171958387
*C(C*)OC(=O)c1c(cccc1)OC,,1.184683625,0.216310624
*C(C*)OC(=O)c1c(cccc1)OC(=O)C,,1.204681933,0.217738726
*C(C*)OC(=O)c1cc(ccc1)Br,,1.54660293,0.137957273
*C(C*)OC(=O)c1cc(ccc1)C,,1.110950878,0.210139794
*C(C*)OC(=O)c1cc(ccc1)Cl,,1.263058501,0.153320971
*C(C*)OC(=O)c1cc(ccc1)OC,,1.172022242,0.21828481
*C(C*)OC(=O)c1cc(ccc1)[N+](=O)[O-],,1.282622037,0.196771713
*C(C*)OC(=O)c1ccc(cc1)Br,,1.536350906,0.139742427
*C(C*)OC(=O)c1ccc(cc1)C,,1.099096797,0.205615125
*C(C*)OC(=O)c1ccc(cc1)C#N,,1.163856974,0.188964216
*C(C*)OC(=O)c1ccc(cc1)C(C)(C)C,,1.021531892,0.245177434
*C(C*)OC(=O)c1ccc(cc1)C(C)C,,1.047680586,0.241150434
*C(C*)OC(=O)c1ccc(cc1)CC,,1.071863376,0.231673795
*C(C*)OC(=O)c1ccc(cc1)Cl,,1.266340181,0.15531743
*C(C*)OC(=O)c1ccc(cc1)OC,,1.170671465,0.222833617
*C(C*)OC(=O)c1ccc(cc1)OC(=O)C,,1.202322505,0.24818347
*C(C*)OC(=O)c1ccc(cc1)OC(=O)CCC,,1.143061228,0.25604142
*C(C*)OC(=O)c1ccc(cc1)OCC,,1.124221099,0.229699129
*C(C*)OC(=O)c1ccccc1,,1.143985301,0.186373384
*C(C*)OC(=O)c1ccncc1,,1.195060965,0.194295907
*C(C*)OC(=O)c1cnccc1,,1.216930022,0.195169036
*C(C*)OC(C(F)(F)F)(C(F)(F)F)F,,1.622288206,0.105366502
*C(C*)OC(C)(C)C,,0.899334655,0.226849329
*C(C*)OC(C)C,,0.923613225,0.241975026
*C(C*)OC(CC)C,,0.905143445,0.235279019
*C(C*)OC1CCCCC1,,0.948633594,0.209300741
*C(C*)OC=O,,1.251158166,0.235150652
*C(C*)OCC,,0.958386277,0.24221035
*C(C*)OCC(C)(C)C,,0.874620945,0.218243316
*C(C*)OCC(CC(C)C)(C)C,,0.892796096,0.254371124
*C(C*)OCC(CC)(C)C,,0.882730644,0.235379261
*C(C*)OCC(CCCC)CC,,0.883883354,0.250639578
*C(C*)OCC(F)(F)F,,1.388732116,0.150868966
*C(C*)OCCC,,0.936310658,0.240692237
*C(C*)OCCCCCCCCCCCC,,0.87615794,0.325984117
*C(C*)OCCCCCCCCCCCCCCCCCC,,0.863937237,0.364697261
*C(C*)OCCCl,,1.248858545,0.187521218
*C(C*)OCCOC,,1.063567732,0.251788875
*C(C*)OCc1ccccc1,,1.091059368,0.205595119
*C(C*)O[N+](=O)[O-],,1.422526847,0.243039162
*C(C*)P(=O)(N(C)C)Oc1ccccc1,,1.160587206,0.193867563
*C(C*)P(=O)(OCC)N(C)C,,1.112277991,0.207524248
*C(C*)P(=O)(c1ccccc1)c1ccccc1,,1.098076282,0.152952702
*C(C*)SC,,1.078850613,0.202535215
*C(C*)SCC,,1.030279109,0.212352519
*C(C*)SCCCC,,0.975699357,0.231505378
*C(C*)c1c(c(c(c(c1F)F)F)F)F,,1.449526713,0.111121575
*C(C*)c1c(cc(c(c1)C)C)C,,0.929446641,0.249066929
*C(C*)c1c(cc(cc1)C(C)C)C(C)C,,0.871064672,0.215437297
*C(C*)c1c(cc(cc1)C)C,,0.940383427,0.214891697
*C(C*)c1c(cc(cc1)Cl)C,,1.101968119,0.163669069
*C(C*)c1c(cc(cc1)Cl)Cl,,1.253540775,0.107893694
*C(C*)c1c(cc(cc1)F)C,,1.058654554,0.167659758
*C(C*)c1c(cc(cc1C)C)C,,0.93086765,0.232927166
*C(C*)c1c(ccc(c1)Br)OC,,1.378340664,0.128686133
*C(C*)c1c(ccc(c1)Br)OC(C)C,,1.258870669,0.144697579
*C(C*)c1c(ccc(c1)Br)OCC,,1.33930596,0.139419841
*C(C*)c1c(ccc(c1)Br)OCCC,,1.280338839,0.138151779
*C(C*)c1c(ccc(c1)Br)OCCC(C)C,,1.226506408,0.156760429
*C(C*)c1c(ccc(c1)Br)OCCCC,,1.2582648,0.15926394
*C(C*)c1c(ccc(c1)Br)OCCCCC,,1.225241179,0.161556934
*C(C*)c1c(ccc(c1)C(C)(C)C)C,,0.896333211,0.211943136
*C(C*)c1c(ccc(c1)C(C)C)C(C)C,,0.870067341,0.190254382
*C(C*)c1c(ccc(c1)C)C,,0.925112294,0.194019925
*C(C*)c1c(ccc(c1)C)F,,1.053218614,0.195322638
*C(C*)c1c(ccc(c1)Cl)Cl,,1.246008309,0.112111131
*C(C*)c1c(ccc(c1)F)F,,1.182523433,0.146382976
*C(C*)c1c(cccc1)C,,0.978948821,0.23889195
*C(C*)c1c(cccc1)C(=O)N(C)C,,1.019914094,0.186909259
*C(C*)c1c(cccc1)C(=O)NC,,1.05618534,0.192915175
*C(C*)c1c(cccc1)C(=O)Nc1ccccc1,,1.113471778,0.197508078
*C(C*)c1c(cccc1)C(=O)O,,1.14579736,0.221643379
*C(C*)c1c(cccc1)C(=O)OC,,1.093619065,0.193160544
*C(C*)c1c(cccc1)C(=O)OC(C)C,,1.04558941,0.208751466
*C(C*)c1c(cccc1)C(=O)OCC,,1.070874613,0.216698631
*C(C*)c1c(cccc1)C(=O)OCC(C)C,,1.035196742,0.203326994
*C(C*)c1c(cccc1)C(=O)OCCC,,1.060275726,0.209516095
*C(C*)c1c(cccc1)C(=O)OCCC(C)C,,1.035083827,0.218106694
*C(C*)c1c(cccc1)C(=O)OCCCC,,1.040151362,0.225796643
*C(C*)c1c(cccc1)C(=O)OCCCCC,,1.030247482,0.230202874
*C(C*)c1c(cccc1)C(=O)OCCCCCC,,1.011034746,0.238187774
*C(C*)c1c(cccc1)C(=O)OCCN(C)C,,1.081969242,0.216260507
*C(C*)c1c(cccc1)C(=O)Oc1ccccc1,,1.133417531,0.192525654
*C(C*)c1c(cccc1)CC,,0.956120289,0.223756212
*C(C*)c1c(cccc1)COC,,1.023668496,0.19732083
*C(C*)c1c(cccc1)COC(C)C,,0.985738485,0.220707828
*C(C*)c1c(cccc1)COCC,,1.020552204,0.211823768
*C(C*)c1c(cccc1)COCCC,,1.002033696,0.22997739
*C(C*)c1c(cccc1)COCCC(C)C,,0.981459783,0.237360118
*C(C*)c1c(cccc1)COCCCC,,0.987425981,0.220379086
*C(C*)c1c(cccc1)COCCCCC,,0.977922828,0.238571654
*C(C*)c1c(cccc1)COCCc1ccccc1,,1.073511826,0.206285623
*C(C*)c1c(cccc1)COCc1ccccc1,,1.087022171,0.204719244
*C(C*)c1c(cccc1)Cl,,1.153238245,0.155241408
*C(C*)c1c(cccc1)F,,1.105762216,0.180059006
*C(C*)c1c(cccc1)OC,,1.022974296,0.214975451
*C(C*)c1c(cccc1Cl)Cl,,1.262465174,0.113806933
*C(C*)c1c2c(ccc1)cccc2,,1.049065386,0.183531473
*C(C*)c1cc(c(cc1)C(=O)O)C(=O)O,,1.289327097,0.3080457
*C(C*)c1cc(c(cc1)C)C,,0.935056733,0.222441085
*C(C*)c1cc(c(cc1)Cl)C,,1.086153317,0.152412214
*C(C*)c1cc(c(cc1)Cl)Cl,,1.257069501,0.108557769
*C(C*)c1cc(c(cc1)Cl)F,,1.218843924,0.121296834
*C(C*)c1cc(cc(c1)C)C,,0.939037292,0.239838224
*C(C*)c1cc(ccc1)C,,0.969357307,0.227224304
*C(C*)c1cc(ccc1)CC,,0.951189371,0.230753147
*C(C*)c1cc(ccc1)Cl,,1.138997982,0.141849652
*C(C*)c1cc(ccc1)F,,1.097086163,0.165605561
*C(C*)c1cc(ccc1)c1ccc(cc1)c1ccccc1,,1.059615223,0.222348269
*C(C*)c1cc2c(cc1)cccc2,,1.048762388,0.189317179
*C(C*)c1ccc(cc1)Br,,1.461570466,0.124850886
*C(C*)c1ccc(cc1)C,,0.954853504,0.207409376
*C(C*)c1ccc(cc1)C#N,,1.017159224,0.174135805
*C(C*)c1ccc(cc1)C(=NO)C,,1.056409606,0.262934975
*C(C*)c1ccc(cc1)C(=O)C,,1.057706787,0.237084593
*C(C*)c1ccc(cc1)C(=O)C(F)(F)F,,1.2814039,0.154440392
*C(C*)c1ccc(cc1)C(=O)CC,,1.033214439,0.244573024
*C(C*)c1ccc(cc1)C(=O)CCC,,1.016565854,0.245764324
*C(C*)c1ccc(cc1)C(=O)CCCC,,1.003231285,0.263241449
*C(C*)c1ccc(cc1)C(=O)CCCCC,,0.988783183,0.258123945
*C(C*)c1ccc(cc1)C(=O)CCCCCCC,,0.970813314,0.271736697
*C(C*)c1ccc(cc1)C(=O)CCN1CCCCC1,,1.040490676,0.245284571
*C(C*)c1ccc(cc1)C(=O)CCN1CCOCC1,,1.102048959,0.241083815
*C(C*)c1ccc(cc1)C(=O)Cc1ccccc1,,1.103006997,0.219547247
*C(C*)c1ccc(cc1)C(=O)N(C)C,,1.05442617,0.247926371
*C(C*)c1ccc(cc1)C(=O)N(CC)CC,,1.0040739,0.241507546
*C(C*)c1ccc(cc1)C(=O)N1CCCCC1,,1.036942875,0.235723579
*C(C*)c1ccc(cc1)C(=O)N1CCOCC1,,1.103347893,0.22605657
*C(C*)c1ccc(cc1)C(=O)OC,,1.090571368,0.223091355
*C(C*)c1ccc(cc1)C(=O)OC(C)C,,1.02693306,0.250453544
*C(C*)c1ccc(cc1)C(=O)OCC,,1.05070326,0.235563807
*C(C*)c1ccc(cc1)C(=O)OCC(C)C,,1.017692103,0.237523806
*C(C*)c1ccc(cc1)C(=O)OCCC,,1.047044212,0.24176446
*C(C*)c1ccc(cc1)C(=O)OCCCC,,1.030347418,0.261827286
*C(C*)c1ccc(cc1)C(=O)OCCCCCC,,1.003719963,0.258101979
*C(C*)c1ccc(cc1)C(=O)OCCN(C)C,,1.072615261,0.258067435
*C(C*)c1ccc(cc1)C(=O)c1ccc(cc1)C,,1.067378891,0.242415832
*C(C*)c1ccc(cc1)C(=O)c1ccc(cc1)OC,,1.111089836,0.245710563
*C(C*)c1ccc(cc1)C(=O)c1ccccc1,,1.09827774,0.216592432
*C(C*)c1ccc(cc1)C(C(C(C(C(C(C(F)(F)F)(F)F)(F)F)(F)F)(F)F)(F)F)(F)F,,1.594542527,0.116253947
*C(C*)c1ccc(cc1)C(C(C(C(C(C(F)F)(F)F)(F)F)(F)F)(F)F)(F)F,,1.523217009,0.115569094
*C(C*)c1ccc(cc1)C(C)(C)C,,0.89655902,0.235879806
*C(C*)c1ccc(cc1)C(C)C,,0.923190056,0.245006224
*C(C*)c1ccc(cc1)C(CC)(O)C,,0.984772104,0.260987479
*C(C*)c1ccc(cc1)C(CC)C,,0.914850756,0.23187009
*C(C*)c1ccc(cc1)C(CCC)(O)C,,0.961746913,0.266747745
*C(C*)c1ccc(cc1)C(CCCC)(O)C,,0.964527544,0.262999518
*C(C*)c1ccc(cc1)C(CCCCC)(O)C,,0.955479058,0.27418578
*C(C*)c1ccc(cc1)C(CCN(C)C)O,,1.029659127,0.268210349
*C(C*)c1ccc(cc1)C(CCN1CCCCC1)O,,1.022718168,0.250363552
*C(C*)c1ccc(cc1)C(CCN1CCOCC1)O,,1.085230389,0.232670764
*C(C*)c1ccc(cc1)C(O)(C)C,,1.006839479,0.268025613
*C(C*)c1ccc(cc1)CC,,0.946653191,0.241331997
*C(C*)c1ccc(cc1)CCC,,0.941423608,0.242985282
*C(C*)c1ccc(cc1)CCCC,,0.931491324,0.246370764
*C(C*)c1ccc(cc1)CCCCCC,,0.918524608,0.255178414
*C(C*)c1ccc(cc1)CCCCCCCC,,0.905274422,0.284941701
*C(C*)c1ccc(cc1)CCCCCCCCC,,0.902766866,0.276524365
*C(C*)c1ccc(cc1)CCCCCCCCCC,,0.899890732,0.300936032
*C(C*)c1ccc(cc1)CCCCCCCCCCCC,,0.894841977,0.302738789
*C(C*)c1ccc(cc1)CCCCCCCCCCCCCC,,0.887566319,0.320037972
*C(C*)c1ccc(cc1)CCCCCCCCCCCCCCCC,,0.886142951,0.337054547
*C(C*)c1ccc(cc1)CCCCCCCCCCCCCCCCCC,,0.878911528,0.317277699
*C(C*)c1ccc(cc1)COC,,1.03750338,0.228853851
*C(C*)c1ccc(cc1)COC(CC)C,,0.973651082,0.247595241
*C(C*)c1ccc(cc1)COCC(CCCC)CC,,0.944495503,0.26087891
*C(C*)c1ccc(cc1)COCCC,,1.005095307,0.237335127
*C(C*)c1ccc(cc1)COCCCC,,0.992325334,0.260603141
*C(C*)c1ccc(cc1)COCCCCCC,,0.964533398,0.261210733
*C(C*)c1ccc(cc1)COCCCCCCOc1ccc(cc1)c1ccc(cc1)OC,,1.071230538,0.265685462
*C(C*)c1ccc(cc1)COCCCCO,,1.064499301,0.272183986
*C(C*)c1ccc(cc1)COCCO,,1.099535621,0.25859742
*C(C*)c1ccc(cc1)COCCOCC,,1.048857628,0.249515883
*C(C*)c1ccc(cc1)COCCOCCCC,,1.013534512,0.2507784
*C(C*)c1ccc(cc1)COCCOCCCCCCCC,,0.973660818,0.266343252
*C(C*)c1ccc(cc1)Cl,,1.143288057,0.150273069
*C(C*)c1ccc(cc1)F,,1.087380654,0.163887726
*C(C*)c1ccc(cc1)I,,1.7178258,0.097198673
*C(C*)c1ccc(cc1)N(C)C,,1.01782468,0.270531824
*C(C*)c1ccc(cc1)O,,1.107283443,0.28470777
*C(C*)c1ccc(cc1)OC,,1.042086594,0.215501326
*C(C*)c1ccc(cc1)OC(=O)C,,1.100534398,0.259585297
*C(C*)c1ccc(cc1)OCC,,1.016879034,0.242464965
*C(C*)c1ccc(cc1)OCCC,,0.991729585,0.243869844
*C(C*)c1ccc(cc1)OCCC(C)C,,0.976437278,0.282457207
*C(C*)c1ccc(cc1)OCCCC,,0.984185099,0.246692673
*C(C*)c1ccc(cc1)Oc1ccccc1,,1.10105886,0.221253857
*C(C*)c1ccc(cc1)S(=O)(=O)OCCC,,1.166750668,0.209057278
*C(C*)c1ccc(cc1)c1ccc(cc1)c1ccccc1,,1.054606035,0.239465602
*C(C*)c1ccc(cc1)c1ccccc1,,1.030455771,0.200955009
*C(C*)c1ccc(nc1)C,,1.004278135,0.216347814
*C(C*)c1ccccc1,,0.990788525,0.203029804
*C(C*)c1ccncc1,,1.064890411,0.194624132
*C(C*)c1nc(ccc1)C,,1.014862727,0.231875326
*C(C*)c1nc(nc(n1)C)C,,1.064103146,0.263398106
*C(C*)c1ncccc1,,1.057501881,0.184406433
*C(C*)n1c2ccccc2c2ccccc12,,1.099857312,0.178401902
*C(CC(C*)c1ccccc1)(C(=O)OC)C#N,,1.072601323,0.199800698
*C(CC)C(CC)*,,0.823310611,0.250042719
*C(CC*)(C)C,,0.831834985,0.243031165
*C(CCC*)(C)C,,0.829420011,0.26184049
*C(CCC*)(CC)C,,0.827575347,0.255337725
*C(CCCCCCC*)C,,0.838285169,0.335492597
*C(CCCCNC(=O)NCCCCCCNC(=O)N*)C(=O)OC,,1.099894242,0.302361161
*C(F)(F)C(*)(F)C(F)(F)F,,1.790591386,0.082200976
*C(F)(F)C(F)(F)*,,1.914482486,0.19501973
*C(F)C(*)(F)F,,1.798577625,0.14138687
*C(O)C(*)O,,1.396107757,0.503119958
*C([2H])([2H])C(*)(C(=O)OC([2H])([2H])[2H])C([2H])([2H])[2H],,1.115470133,0.200554319
*C/C=C\C*,171.0,,
*C1(CCC(CC1)C)C*,,0.85730737,0.21062304
*C1(CCCCC1)C*,,0.878255967,0.209508397
*C1(OC(C(C1(C(C(*)(F)F)(F)F)F)(F)F)(F)F)F,,1.822016677,0.111266374
*C1C(*)C2CC1C1C=CCC12,,0.94806811,0.161458476
*C1C(=O)OC(=O)C1C(C*)OC,,1.250206826,0.21637842
*C1C(C(C(C1)C*)OC(=O)CCCCCCCCCCOc1ccc(cc1)c1ccc(cc1)C#N)OC(=O)CCCCCCCCCCOc1ccc(cc1)c1ccc(cc1)C#N,,1.050442559,0.263259921
*C1C(C2C(C1)C(C(C2)CC*)OC(=O)CCCCCCCCCCOc1ccc(cc1)c1ccc(cc1)C#N)OC(=O)CCCCCCCCCCOc1ccc(cc1)c1ccc(cc1)C#N,,1.041845873,0.248651693
*C1C(CC(C1)C*)OC(=O)CCCCCCCCCCOc1ccc(cc1)c1ccc(cc1)C#N,,1.041611942,0.268797476
*C1C(CC(C1)OC(=O)CCCCCCCCCCOc1ccc(cc1)c1ccc(cc1)C#N)CC*,,1.03779286,0.2621942
*C1C(CC1)*,,0.894726143,0.236871624
*C1C(CCC1)CC*,,0.906448376,0.250907231
*C1C2CC(C)C(C2)C1*,,0.898563014,0.171048226
*C1CC(CC1)C*,,0.930004498,0.316659421
*C1CC(CC1)C=C*,,0.952823858,0.309193929
*C1CC2CC1C(*)C2CCCC,,0.876370215,0.241394354
*C1CC2CC1C(*)C2CCCCCC,,0.89181419,0.261321169
*C1CCC(*)C1,,0.928876066,0.284922378
*C1CCC(CC2CCC(N3C(=O)C4C5C=CC(C6C(=O)N(*)C(=O)C56)C4C3=O)C(C)C2)CC1C,,1.058498105,0.2249129
*C1CCC(CC2CCC(N3C(=O)C4C5C=CC(C6C(=O)N(*)C(=O)C56)C4C3=O)CC2)CC1,,1.096899673,0.232731371
*C1CCC(N2C(=O)c3ccc(-c4ccc5c(c4)C(=O)N(*)C5=O)cc3C2=O)CC1,,1.221232144,0.322479304
*C1NC(CC1)*,,1.038245022,0.263630423
*C1Oc2ccccc2C1*,,1.092531193,0.154427579
*C1c2c(CC1*)cccc2,,0.984516179,0.161666133
*C=CC(C(*)C(=O)OC)C,,1.029013519,0.242911397
*C=CC(C*)OC,,1.002721432,0.240715701
*C=CC(CCCCC*)C,,0.848448936,0.264312063
*C=CCC(CC*)(C(=O)OC)C,,0.992758106,0.249826128
*C=CCC*,,0.884263619,0.314780299
*C=CCCCCCC*,,0.857672969,0.302191029
*C=CCCCCCCCC*,,0.85471523,0.343357529
*C=CCCCCCCCCCC*,,0.852224825,0.357300526
*CC(*)(C)C,199.0,,
*CC(*)(C)C(=O)OC(C)(C)C,,0.912409902,0.199032877
*CC(*)(C)C(=O)OC(C)C,,0.953690368,0.212297791
*CC(*)(C)C(=O)OC(C)CC,,0.946334214,0.219748019
*CC(*)(C)C(=O)OC(OCC)C(F)(F)F,,1.222015332,0.158540956
*CC(*)(C)C(=O)OC1CCCCC1,,0.972678461,0.188801438
*CC(*)(C)C(=O)OCC(=O)c1ccccc1,,1.148393849,0.206062145
*CC(*)(C)C(=O)OCC(C)C,,0.96194342,0.211663838
*CC(*)(C)C(=O)OCC(C)O,,1.091888654,0.247322516
*CC(*)(C)C(=O)OCCBr,,1.508509344,0.156664784
*CC(*)(C)C(=O)OCCC,,0.989428412,0.217185653
*CC(*)(C)C(=O)OCCC#N,,1.090917117,0.215065114
*CC(*)(C)C(=O)OCCCCCC,,0.953772359,0.247136147
*CC(*)(C)C(=O)OCCCCCCCC,,0.934650547,0.263447418
*CC(*)(C)C(=O)OCCCCCCCCCCCC,,0.910290248,0.297503097
*CC(*)(C)C(=O)OCCCCCCN(C)c1ccc(/N=N/c2ccc(S(C)(=O)=O)cc2)cc1,,1.13049325,0.239801416
*CC(*)(C)C(=O)OCCN(C)C,,1.036064242,0.241329136
*CC(*)(C)C(=O)OCCO,,1.134422469,0.250973925
*CC(*)(C)C(=O)OCCOC,,1.090293836,0.229867686
*CC(*)(C)C(=O)OCCO[N+](=O)[O-],,1.264027777,0.219332193
*CC(*)(C)C(=O)OCCS(=O)CC,,1.144553412,0.23559466
*CC(*)(C)C(=O)OCc1c(Cl)cccc1Cl,,1.273236404,0.140187539
*CC(*)(C)C(=O)OCc1cc(Cl)cc(Cl)c1,,1.269395896,0.129715026
*CC(*)(C)C(=O)OCc1cc(Cl)ccc1Cl,,1.269736861,0.138323775
*CC(*)(C)C(=O)OCc1ccc(Cl)c(Cl)c1,,1.273551555,0.142399015
*CC(*)(C)C(=O)OCc1ccc(Cl)cc1,,1.187854535,0.167641229
*CC(*)(C)C(=O)OCc1ccc(Cl)cc1Cl,,1.269283781,0.134920498
*CC(*)(C)C(=O)OCc1cccc(Cl)c1,,1.192786371,0.156695253
*CC(*)(C)C(=O)OCc1cccc(Cl)c1Cl,,1.272828419,0.14256689
*CC(*)(C)C(=O)OCc1ccccc1,,1.091824545,0.196260903
*CC(*)(C)C(=O)OCc1ccccc1Cl,,1.18896235,0.165076796
*CC(*)(C)C(=O)Oc1c(C(C)C)cccc1C(C)C,,0.952119689,0.201358713
*CC(*)(C)C(=O)Oc1c(C)cccc1C,,1.039602434,0.211223838
*CC(*)(C)C(=O)Oc1ccc(C#N)cc1,,1.126426327,0.199831364
*CC(*)(C)C(=O)Oc1ccc(C(=O)OC)cc1,,1.164528174,0.243504441
*CC(*)(C)C(=O)Oc1ccc(CC#N)cc1,,1.116884827,0.207428616
*CC(*)(C)C(=O)Oc1ccccc1,,1.099424256,0.192736665
*CC(*)(C)c1ccc2ccccc2c1,,0.989395044,0.186141125
*CC(*)(CC(=O)OC)C(=O)OC,,1.129334605,0.211788328
*CC(*)(CC(=O)OC1CCCCC1)C(=O)OC1CCCCC1,,0.987497028,0.173081052
*CC(*)(CC(=O)OCC)C(=O)OCC,,1.072165826,0.226726356
*CC(*)(CC(=O)OCC1CCCCC1)C(=O)OCC1CCCCC1,,1.013959173,0.205021412
*CC(*)(CC(=O)OCCC)C(=O)OCCC,,1.041623299,0.225769616
*CC(*)(CC(=O)OCCC1CCCCC1)C(=O)OCCC1CCCCC1,,1.008079519,0.217195568
*CC(*)(CC(=O)OCCCC)C(=O)OCCCC,,1.022044666,0.23939117
*CC(*)(CC(=O)OCCCC1CCCCC1)C(=O)OCCCC1CCCCC1,,1.006667282,0.238263021
*CC(*)(CC(=O)OCCCCCCCC)C(=O)OCCCCCCCC,,0.954492402,0.275383563
*CC(*)(CC(=O)OCCCCCCCCC)C(=O)OCCCCCCCCC,,0.946548067,0.27657995
*CC(*)(CC(=O)OCCCc1ccccc1)C(=O)OCCCc1ccccc1,,1.119451787,0.210081521
*CC(*)(CC(=O)OCCc1ccccc1)C(=O)OCCc1ccccc1,,1.130052948,0.202653643
*CC(*)(CC(=O)OCc1ccccc1)C(=O)OCc1ccccc1,,1.151577723,0.203256306
*CC(*)(CC(=O)Oc1ccc(OCCCCCCC)cc1)C(=O)Oc1ccc(OCCCCCCC)cc1,,1.051565254,0.278660635
*CC(*)(CC(=O)Oc1ccccc1)C(=O)Oc1ccccc1,,1.158608395,0.188229452
*CC(*)(CC)C(=O)OCC,,0.972122176,0.205025977
*CC(*)(CCC(C)C(=O)OC)C(=O)OC,,1.042726823,0.238137173
*CC(*)(Cl)Cl,,1.610770482,0.096200541
*CC(*)C(=O)N(C)C,,1.073801453,0.254840576
*CC(*)C(=O)N1CCCCC1,,1.040542744,0.224880389
*CC(*)C(=O)N1CCOCC1,,1.139923204,0.212390136
*CC(*)C(=O)NC(C)C,,1.008805527,0.262015599
*CC(*)C(=O)OC(CC)CC,,0.9720182,0.245278243
*CC(*)C(=O)OC(OCC)C(F)(F)F,,1.286700483,0.183494514
*CC(*)C(=O)OC1CCCCC1,,1.016583768,0.215312167
*CC(*)C(=O)OC1CCCCCCCCCCC1,,0.962713613,0.245455632
*CC(*)C(=O)OCC(C)(C)C,,0.963513972,0.235321696
*CC(*)C(=O)OCC(C)O,,1.147339655,0.280976264
*CC(*)C(=O)OCCC#N,,1.158051852,0.249017898
*CC(*)C(=O)OCCO,,1.225132744,0.297878745
*CC(*)C(=O)OCCc1ccccc1,,1.114090612,0.218359976
*CC(*)C(=O)OCc1ccc(C#N)cc1,,1.150101385,0.206123134
*CC(*)C(=O)OCc1ccccc1,,1.135763036,0.203084164
*CC(*)C(=O)Oc1c(Cl)c(Cl)c(Cl)c(Cl)c1Cl,,1.559789955,0.103950173
*CC(*)C(=O)Oc1ccc(-c2ccccc2)cc1,,1.152249555,0.225714507
*CC(*)C(=O)Oc1ccc(C#N)cc1,,1.183986714,0.217648606
*CC(*)C(=O)Oc1ccc(C(=O)OC)cc1,,1.200460801,0.246881391
*CC(*)C(=O)Oc1ccc(C(=O)OCC)cc1,,1.168794946,0.254460099
*CC(*)C(=O)Oc1ccc(C(=O)OCCCC)cc1,,1.126542992,0.269375988
*CC(*)C(=O)Oc1ccc(Cl)cc1Cl,,1.36901816,0.148391912
*CC(*)C(=O)Oc1ccc(OC)cc1,,1.172544176,0.230448188
*CC(*)C(=O)Oc1cccc(C(=O)OC)c1,,1.206588234,0.234531676
*CC(*)C(=O)Oc1cccc(C(=O)OCC)c1,,1.166635876,0.235991614
*CC(*)C(=O)Oc1cccc(N(C)C)c1,,1.15007506,0.265857865
*CC(*)C(=O)Oc1ccccc1,,1.159695123,0.204691395
*CC(*)C(=O)Oc1ccccc1C(=O)OC,,1.217023565,0.219785117
*CC(*)C(=O)Oc1ccccc1C(=O)OCC,,1.174569494,0.218273906
*CC(*)C(=O)n1c2ccccc2c2ccccc21,,1.166386752,0.185889246
*CC(*)C(N)=O,,1.263155414,0.444629702
*CC(*)C=C,,0.865584799,0.273513817
*CC(*)OCCCCCCCC,194.0,,
*CC(*)OCCCCCCCCCC,197.0,,
*CC(=C)COCC(=C)COC(=O)O*,,1.155178424,0.245695552
*CC(C)(C)COC(=O)CCC(=O)O*,,1.115437049,0.228303005
*CC(C)(CCC)C(=O)O*,,0.977575428,0.211231836
*CC(C)CNC(=O)O*,,1.12616874,0.257436252
*CC(CCl)O*,,1.33405247,0.164668029
*CC(COCCCC)O*,194.0,,
*CC(COCCCCCC)O*,188.0,,
*CC*,195.0,0.837971504,0.456184962
*CC/C=C(/*)Cl,,1.20676381,0.170304562
*CC/C=C(\*)C,,0.879252837,0.232021285
*CC/C=C(\*)Cl,,1.197366557,0.150572404
*CC1(C)CC(*)(C)C(=O)OC1=O,,1.134708881,0.185992809
*CC1CC(*)OC(CCC)O1,,1.00771137,0.253400518
*CC1CCC(COC(=O)CCC(=O)O*)CC1,,1.095695892,0.229884201
*CC1CCC(COC(=O)CCCCCCCCC(=O)O*)CC1,,1.015688244,0.262542365
*CC=C(C*)CC,197.0,,
*CC=C(C*)CCC,196.0,,
*CC=C(C*)CCCC,192.0,,
*CCC(C)CO*,,0.951690982,0.231649902
*CCC(c1ccccc1)C(*)c1ccccc1,,0.981231624,0.202492274
*CCC=C(*)C,,0.879267279,0.231880959
*CCC=C(*)Cl,,1.195057514,0.156164169
*CCCC(=O)N*,,1.127730068,0.294452199
*CCCCCC(=O)O*,,1.05306867,0.249772695
*CCCCCCC(=O)N*,,1.007716443,0.310631867
*CCCCCCCCC(=O)N*,,0.967908774,0.307321668
*CCCCCCCCCC(=O)N*,,0.953326288,0.30774671
*CCCCCCCCCCC(=O)N(*)C,,0.943846152,0.308782805
*CCCCCCCCCCCC(=O)N*,,0.934153202,0.324815751
*CCCCCCCCCCCCC(=O)N*,,0.930849554,0.341259433
*CCCCCCCCCCCCNC(=O)CCCCCCCCCCC(=O)N*,,0.938539349,0.304591986
*CCCCCCCCCCCCNC(=O)CCCCCCCCCCCCCCCCCCC(=O)N*,,0.913331359,0.349800281
*CCCCCCCCCCCCSC(=O)S*,,1.024034539,0.246707796
*CCCCCCCCCCCNC(=O)CCCCC(=O)N*,,0.985499697,0.299843971
*CCCCCCCCCCN1C(=O)C2C3C=CC(C4C(=O)N(*)C(=O)C34)C2C1=O,,1.115283233,0.255867446
*CCCCCCCCCNC(=O)c1ccc(C(=O)N*)cc1,,1.067236111,0.305511131
*CCCCCCCCCSC(=O)S*,,1.067551023,0.228700961
*CCCCCCCCNC(=O)CCCCCCCCC(=O)N*,,0.968044043,0.269519554
*CCCCCCCCO*,203.0,,
*CCCCCCCCOC(=O)c1cccc(C(=O)O*)c1,,1.094982437,0.236431842
*CCCCCCN1C(=O)c2ccc(C(c3ccc4c(c3)C(=O)N(*)C4=O)(C(F)(F)F)C(F)(F)F)cc2C1=O,,1.288680122,0.16334633
*CCCCCCNC(=O)c1ccc(C2(C)CC(C)(C)c3ccc(C(=O)N*)cc32)cc1,,1.041144622,0.232150722
*CCCCCCNC(=O)c1cccc(C(=O)N*)c1,,1.109504305,0.261246475
*CCCCCCOC(=O)CCCCCCCC(=O)O*,,1.015595931,0.283677138
*CCCCCCOC(=O)CCCCCCCCC(=O)O*,,1.007846324,0.281178878
*CCCCCCOC(=O)Nc1ccc(C)c(NC(=O)OCCCCCCOc2ccc(-c3ccc(O*)cc3)cc2)c1,,1.118434945,0.272492356
*CCCCCCOC(=O)c1ccc(-c2ccc(C(=O)O*)cc2)cc1,,1.134208413,0.280572663
*CCCCCCOC(=O)c1ccc(C(=O)O*)cc1,,1.133047244,0.254809517
*CCCCCCOC(=O)c1ccc2cc(C(=O)O*)ccc2c1,,1.146197488,0.255211674
*CCCCCCS(*)(=O)=O,,1.156037345,0.239977769
*CCCCCCS(=O)(=O)c1ccc(/N=N/c2ccc(N(C)CCCCCC(=O)O*)cc2)cc1,,1.129755307,0.249228862
*CCCCCOC(=O)c1ccc2cc(C(=O)O*)ccc2c1,,1.167601884,0.227057601
*CCCCNC(=O)CCCCC(=O)N*,,1.083299251,0.292070546
*CCCCNC(=O)CCCCCCC(=O)N*,,1.039221522,0.295312596
*CCCCNC(=O)CCCCCCCCC(=O)N*,,1.014070913,0.301718016
*CCCCO*,190.0,0.972439816,0.280752907
*CCCCOC(=O)CCC(=O)O*,,1.154960967,0.239020305
*CCCCOC(=O)CCCCC(=O)O*,,1.098279802,0.259346678
*CCCCOC(=O)c1ccc2cc(C(=O)O*)ccc2c1,,1.188931644,0.224493248
*CCCCOc1ccc(C(=O)OCCOC(=O)c2ccc(O*)cc2)cc1,,1.19443613,0.250970317
*CCCO*,195.0,,
*CCCOC(=O)c1ccc(C(=O)O*)cc1,,1.225085012,0.241216197
*CCCOC(=O)c1ccc2cc(C(=O)O*)ccc2c1,,1.218378703,0.242269675
*CCCS(=O)(=O)c1ccc(/N=N/c2ccc(N(CCCC)CC(=O)O*)cc2)cc1,,1.17835506,0.225556948
*CCCSS*,,1.238118081,0.150655425
*CCC[Si](*)(C)C,203.0,,
*CCOC(=O)C1CCC(C(=O)O*)CC1,,1.143004225,0.235244695
*CCOC(=O)NCC1(C)CC(NC(=O)O*)CC(C)(C)C1,,1.089306467,0.237542815
*CCOC(=O)c1ccc(C(=O)O*)c2ccccc12,,1.278256039,0.211562934
*CCOC(=O)c1cccc2c(C(=O)O*)cccc12,,1.280732292,0.212331447
*CCOCC(=O)O*,,1.268466225,0.238989416
*CCOCCOC(=O)c1ccc(-c2ccc(C(=O)O*)cc2)cc1,,1.215132769,0.253846443
*CCOCCOC(=O)c1cccc(C(=O)O*)c1,,1.245569001,0.215430956
*CCOc1ccc(C(=O)OCCOC(=O)c2ccc(O*)cc2)cc1,,1.239214752,0.247366967
*CCS*,,1.177956772,0.22117529
*CCc1cc(C)c(*)cc1C,,0.963046372,0.262219285
*CCc1ccc(*)c(C)c1,,1.00278747,0.255021494
*CCc1ccc(*)c(Cl)c1,,1.197077899,0.178005409
*CS*,,1.336947333,0.14812712
*C[Si](*)(C)C,173.0,,
*Cc1cc(*)c(O)cc1C,,1.098554283,0.226688307
*Cc1cc(C(C)(C)c2ccc3c(c2)CN(C)CO3)cc(CN(*)C)c1O,,1.087875668,0.206550984
*Cc1ccc2[nH]c(-c3ccc4c(c3)-c3cc(-c5nc6cc(*)ccc6[nH]5)ccc3S4(=O)=O)nc2c1,,1.209738995,0.233716186
*Cc1ccc2[nH]c(-c3ccc4sc5ccc(-c6nc7cc(*)ccc7[nH]6)cc5c4c3)nc2c1,,1.206598942,0.230983773
*Cc1cccc(CNC(=O)CCCCC(=O)N*)c1,,1.139825525,0.254557959
*N(C(=O)CCCCC(=O)N(CCCCCC*)C)C,,1.018654286,0.281252179
*N(C(=O)CCCCC(=O)NCCCCCC*)C,,1.018037716,0.259093819
*N(C(=O)c1ccc(cc1)C(=O)N(CCCC*)C)C,,1.101612309,0.243271486
*N1C(=O)c2c(C1=O)cc(cc2)Oc1cc2c(C(=O)N(C2=O)CCCCCC*)cc1,,1.227589336,0.218711009
*N1C(=O)c2c(C1=O)cc(cc2)Oc1cc2c(C(=O)N(C2=O)c2ccc(cc2)Cc2ccc(cc2)*)cc1,,1.232070271,0.279008786
*N1C(=O)c2c(C1=O)cc(cc2)Oc1cc2c(C(=O)N(C2=O)c2ccc(cc2)Oc2c3c(ccc2)c(ccc3)Oc2ccc(cc2)*)cc1,,1.241250034,0.272013483
*N1C(=O)c2c(C1=O)cc(cc2)Oc1cc2c(C(=O)N(C2=O)c2ccc(cc2)c2ccc(cc2)*)cc1,,1.23593461,0.314812658
*N1C(=O)c2c(C1=O)cc(cc2)Oc1ccc(cc1)S(=O)(=O)c1ccc(cc1)Oc1cc2c(C(=O)N(C2=O)c2cc(ccc2)*)cc1,,1.284993708,0.222521804
*N1C(=O)c2c(C1=O)cc(cc2)Oc1ccc(cc1)S(=O)(=O)c1ccc(cc1)Oc1cc2c(C(=O)N(C2=O)c2cc(ccc2)S(=O)(=O)c2cc(ccc2)*)cc1,,1.297529725,0.196371018
*N1C(=O)c2c(C1=O)cc(cc2)Oc1ccc(cc1)S(=O)(=O)c1ccc(cc1)Oc1cc2c(C(=O)N(C2=O)c2ccc(cc2)Oc2ccc(cc2)*)cc1,,1.275034449,0.247598756
*N1C(=O)c2c(C1=O)cc(cc2)c1cc2c(C(=O)N(C2=O)c2ccc(cc2)Sc2ccc(cc2)*)cc1,,1.250402987,0.266032562
*N1C(=O)c2c(C1=O)cc(cc2)c1cc2c(C(=O)N(C2=O)c2ccc(cc2)c2ccc(cc2)*)cc1,,1.230326659,0.509455585
*N1C(CCC1)C(=O)*,,1.145243929,0.222937579
*N=P(*)(OCC(F)(F)F)OCC(F)(F)F,,1.651958224,0.138820064
*NC(=O)C*,,1.369447371,0.375345394
*NC(=O)CCCCC(=O)NCCCCCC*,,1.044116952,0.307882451
*NC(=O)CCCCC*,,1.03275758,0.291903519
*NC(=O)CCCCCCC*,,0.982123104,0.304778171
*NC(=O)CCCCCCCCC(=O)NCCCCCC*,,0.995086638,0.308756347
*NC(=O)CCCCCCCCCC*,,0.942641615,0.318229487
*NC(=O)NCCCCCC*,,1.028709227,0.325494009
*NC(=O)NCCCCCCNC(=O)Nc1ccc(cc1)Cc1ccc(cc1)*,,1.122795344,0.291631414
*NC(=O)NCc1ccc(cc1)CNC(=O)NCCCCCC*,,1.118167941,0.292985918
*NC(=O)Nc1ccc(cc1)Cc1ccc(cc1)*,,1.15509391,0.347852967
*NC(=O)c1cc(ccc1)C(=O)Nc1ccc(cc1)c1ccc(cc1)*,,1.197547175,0.351335092
*NC(=O)c1ccc(cc1)C(=O)NCCCCCC*,,1.117494398,0.293312511
*NC(=O)c1ccc(cc1)C(=O)Nc1ccc(cc1)*,,1.255555241,0.472805266
*NC(=O)c1ccc(cc1)C(=O)Nc1ccc(cc1)c1ccc(cc1)*,,1.209706739,0.576386159
*NC(=O)c1ccc(cc1)C(c1ccc(cc1)C(=O)NCCCCCC*)(C)C,,1.067141423,0.257140127
*NC(=O)c1ccc(cc1)CC(=O)NCCC*,,1.176155999,0.265458671
*NC(=O)c1ccc(cc1)CC(=O)NCCCCCC*,,1.107782256,0.282521025
*NC(=O)c1ccc(cc1)c1ccc(cc1)C(=O)NCCCCCC*,,1.119969092,0.289397059
*NC(C(=O)*)C,,1.157414618,0.252148669
*NC(C(=O)*)CCC(=O)OCc1ccccc1,,1.183555324,0.218660431
*NC(CCC(=O)OC)C(*)=O,,1.214403667,0.256652184
*NC(CCC(=O)OCC)C(*)=O,,1.16338802,0.256531849
*NC(CCC(=O)OCCC)C(*)=O,,1.127131081,0.251335537
*NC(CCC(=O)OCCCCC)C(*)=O,,1.07025453,0.259084812
*NC(CCC(=O)OCCCCCC)C(*)=O,,1.044189532,0.271224405
*NC1CC(C)(C)CC(C)(CNC(=O)CCCCC(*)=O)C1,,1.024946752,0.236903048
*NC1CCC(CC2CCC(NC(=O)CCCCCCCCCCCCC(*)=O)CC2)CC1,,0.965050795,0.31314051
*N[Si](*)(C)C,191.0,,
*Nc1ccc(NC(=O)c2cc(C(*)=O)c(C(=O)OCC)cc2C(=O)OCC)cc1,,1.205426081,0.301681661
*Nc1ccc(cc1)*,,1.203537777,0.383186404
*Nc1cccc(C(O)Cc2ccc(NC(=O)c3ccc(C(*)=O)cc3)cc2)c1,,1.211930902,0.295623458
*OC(=O)CCC(=O)OCC*,,1.246335829,0.237840575
*OC(=O)CCCCCCCCC(=O)OCC*,,1.057392621,0.257154282
*OC(=O)CCCCCNC(=O)CCCCC(=O)NCCCCCC(=O)OCCCCCC*,,1.050883779,0.274848798
*OC(=O)NCC(C(C(C(CNC(=O)OCCCC*)(F)F)(F)F)(F)F)(F)F,,1.482697952,0.192064224
*OC(=O)NCCCCC*,,1.101397289,0.315674518
*OC(=O)NCCCCCCNC(=O)OCCCC*,,1.107872925,0.309061654
*OC(=O)Nc1c2c(ccc1)c(ccc2)NC(=O)OCC*,,1.279596762,0.255175643
*OC(=O)Nc1cc(ccc1)NC(=O)OCC*,,1.331542248,0.261495011
*OC(=O)Nc1ccc(cc1)Cc1ccc(cc1)NC(=O)OCCCCCC*,,1.151383671,0.281163344
*OC(=O)Nc1ccc(cc1)Cc1ccc(cc1)NC(=O)OCc1cc(ccc1)C*,,1.201795395,0.252292339
*OC(=O)Nc1ccc(cc1)NC(=O)OCC*,,1.317378403,0.296677392
*OC(=O)Nc1ccc(cc1)NC(=O)OCCCCCC*,,1.184271643,0.321009139
*OC(=O)Nc1ccc(cc1)c1ccc(cc1)NC(=O)OCC*,,1.262967845,0.321865027
*OC(=O)OCC(C(C(C(C*)(F)F)(F)F)(F)F)(F)F,,1.68320529,0.145276489
*OC(=O)OCCCCCC*,,1.07671508,0.272889143
*OC(=O)OCc1ccc(cc1)C*,,1.223791314,0.250103805
*OC(=O)c1cc(ccc1)C(=O)OCC*,,1.261721783,0.200585896
*OC(=O)c1cc2c(cc1)cc(cc2)C(=O)OCC*,,1.247957049,0.225246348
*OC(=O)c1cc2c(cc1)ccc(c2)C(=O)OCC*,,1.252920519,0.22543537
*OC(=O)c1ccc(cc1)C(=O)NCCNC(=O)c1ccc(cc1)C(=O)OCCCCCCCCCC*,,1.120724694,0.259588395
*OC(=O)c1ccc(cc1)C(=O)OCC*,,1.261154371,0.235166491
*OC(=O)c1ccc(cc1)C(=O)OCCCC*,,1.189183518,0.25637618
*OC(=O)c1ccc(cc1)c1ccc(cc1)C(=O)OCC*,,1.216011342,0.256386682
*OC(=O)c1ccc(cc1)c1ccc(cc1)C*,,1.159458454,0.272842323
*OC(C)C(*)=O,,1.143181088,0.210749746
*OC(C)CC(*)=O,,1.127753263,0.215459839
*OC(C)COC(*)=O,,1.202638184,0.216197061
*OC(C*)C,,1.011307994,0.239033549
*OC(F)(F)C(F)(F)C(*)(F)F,,1.851480396,0.112134181
*OC1C(CO)OC(*)C(N)C1O,,1.311294213,0.348907876
*OC1C(CO)OC(*)C(O)C1O,,1.328453331,0.321583167
*OC1C(COC(C)=O)OC(*)C(OC(C)=O)C1OC(C)=O,,1.165103006,0.20138397
*OCC*,,1.105420268,0.228362211
*OS(=O)(=O)c1ccc(*)cc1,,1.433690549,0.186803621
*O[Si](*)(C)C,152.0,,
*O[Si](*)(C)CCC(F)(F)F,199.0,,
*O[Si](*)(C)c1ccccc1,187.0,,
*O[Si](*)(CC)CC,130.0,,
*Oc1c(-c2ccccc2)cc(*)cc1-c1ccccc1,,1.070064482,0.184951114
*Oc1c(Br)cc(C(C)(C)c2cc(Br)c(OC(*)=O)c(Br)c2)cc1Br,,1.815896982,0.116199931
*Oc1c(C)cc(C(C)(C)c2cc(C)c(OC(*)=O)c(C)c2)cc1C,,1.002192304,0.212399138
*Oc1c(C)cc(C(C)(C)c2cc(C)c(ON3C(=O)c4ccc(Oc5ccc(C6(c7ccc(Oc8ccc9c(c8)C(=O)N(*)C9=O)cc7)CCC(C(C)(C)C)CC6)cc5)cc4C3=O)c(C)c2)cc1C,,1.08647954,0.22463605
*Oc1c(Cl)cc(C(C)(C)c2cc(Cl)c(OC(*)=O)c(Cl)c2)cc1Cl,,1.319483933,0.135267254
*Oc1c(OC)cc(*)cc1OC,,1.179002973,0.240386045
*Oc1c(cc(cc1)C(c1ccc(cc1)C(c1cc(c(cc1)OC(=O)*)C)(C)C)(C)C)C,,1.037025858,0.234165789
*Oc1c(cc(cc1)OC(=O)c1ccc(cc1)c1ccc(cc1)C(=O)*)C,,1.191900763,0.362079429
*Oc1c(cc(cc1C)*)C,,1.005290106,0.250026591
*Oc1c2c(ccc1)c(ccc2)OC(=O)Oc1ccc(cc1)OC(=O)*,,1.296405101,0.241562638
*Oc1cc(C(C)(C)C)c(Oc2ccc(C(=O)Nc3c(C)cc(C(C)(C)c4cc(C)c(NC(=O)c5ccc(*)cc5)c(C)c4)cc3C)cc2)cc1C(C)(C)C,,1.001547997,0.26981997
*Oc1cc(C(C)(C)C)c(Oc2ccc(C(=O)Nc3c(C)cc(Cc4cc(C)c(NC(=O)c5ccc(*)cc5)c(C(C)C)c4)cc3C(C)C)cc2)cc1C(C)(C)C,,0.980385328,0.244338127
*Oc1cc(C(C)(C)C)c(Oc2ccc(C(=O)Nc3ccc(C(C)(C)c4ccc(NC(=O)c5ccc(*)cc5)c(C)c4)cc3C)cc2)cc1C(C)(C)C,,1.022213738,0.270258521
*Oc1cc(C(C)(C)C)c(Oc2ccc(C(=O)Nc3ccc(C(C)(C)c4ccc(NC(=O)c5ccc(*)cc5)cc4)cc3)cc2)cc1C(C)(C)C,,1.043215521,0.283670086
*Oc1cc(C(C)(C)C)c(Oc2ccc(C(=O)Nc3ccc(C(c4ccc(NC(=O)c5ccc(*)cc5)cc4)(C(F)(F)F)C(F)(F)F)cc3)cc2)cc1C(C)(C)C,,1.135045356,0.215611584
*Oc1cc(C)c(*)c(C)c1Br,,1.421050088,0.179808547
*Oc1cc(ccc1)CCCCCCCCCCc1cc(ccc1)OC(=O)*,,1.053440137,0.235809342
*Oc1cc2c(cc1)ccc(c2)OC(=O)Oc1ccc(cc1)OC(=O)*,,1.30756147,0.263470354
*Oc1ccc(-c2ccc(OC(=O)CCCCCCC(*)=O)cc2)cc1,,1.147470002,0.283829933
*Oc1ccc(-c2ccc(OC(=O)CCCCCCCC(*)=O)cc2)cc1,,1.127920817,0.286484859
*Oc1ccc(-c2ccc(OC(=O)CCCCCCCCC(*)=O)cc2)cc1,,1.112212656,0.290122557
*Oc1ccc(-c2ccc(OC(=O)CCCCCCCCCC(*)=O)cc2)cc1,,1.096091641,0.275167556
*Oc1ccc(-c2ccc(OC(=O)CCCCCCCCCCC(*)=O)cc2)cc1,,1.074880475,0.274021583
*Oc1ccc(-c2ccc(OC(=O)CCCCCCCCCCCC(*)=O)cc2)cc1,,1.067563249,0.299849025
*Oc1ccc(-c2ccc(OC(=O)CCCCCCCCCCCCC(*)=O)cc2)cc1,,1.055075595,0.279614546
*Oc1ccc(C(=C(Cl)Cl)c2ccc(OC(*)=O)cc2)cc1,,1.309864067,0.199949495
*Oc1ccc(C(=O)Nc2cccc(C(O)Cc3ccc(NC(=O)c4ccc(*)cc4)cc3)c2)cc1,,1.212798199,0.286060508
*Oc1ccc(C(=O)c2ccc(*)cc2)cc1,,1.189618201,0.276789879
*Oc1ccc(C(C)(C)c2ccc(OC(*)=O)c(C(C)C)c2)cc1C(C)C,,1.004973052,0.230822589
*Oc1ccc(C(C)(C)c2ccc(OC(*)=O)c(C)c2)cc1C,,1.071059114,0.235991215
*Oc1ccc(C(C)(C)c2ccc(OC(*)=O)c(CC)c2)cc1CC,,1.042006546,0.235507852
*Oc1ccc(C(C)(C)c2ccc(OC(=O)SCCCCCCSC(*)=O)cc2)cc1,,1.147142464,0.197531069
*Oc1ccc(C(C)(C)c2ccc(OC(=O)SCCCSC(*)=O)cc2)cc1,,1.187060668,0.187002547
*Oc1ccc(C(C)(C)c2ccc(OC(=O)Sc3ccc(C(C)(C)c4ccc(SC(*)=O)cc4)cc3)cc2)cc1,,1.146463028,0.182529356
*Oc1ccc(C(C)(C)c2ccc(OC(=O)c3ccc(C(=O)c4ccc(C(*)=O)cc4)cc3)cc2)cc1,,1.162597364,0.257727428
*Oc1ccc(C(C)(C)c2ccc(OC(=O)c3ccccc3/C=C/c3ccc(/C=C/c4ccccc4C(*)=O)cc3)c(C)c2)cc1C,,1.085604157,0.219509175
*Oc1ccc(C(C)(C)c2ccc(OC(=O)c3ccccc3/C=C/c3ccc(/C=C/c4ccccc4C(*)=O)cc3)cc2)cc1,,1.113129096,0.217293555
*Oc1ccc(C(C)(CCC#N)c2ccc(OC(*)=O)c(C)c2)cc1C,,1.073618602,0.219626724
*Oc1ccc(C(C)(CCC#N)c2ccc(OC(*)=O)cc2)cc1,,1.128123384,0.239792442
*Oc1ccc(C(C)(CCC)c2ccc(OC(*)=O)cc2)cc1,,1.074574897,0.244337041
*Oc1ccc(C(C)(c2ccccc2)c2ccc(OC(*)=O)cc2)cc1,,1.123680096,0.234250441
*Oc1ccc(C(C)(c2ccccc2)c2ccc(OC(=O)c3cccc(C(*)=O)c3)cc2)cc1,,1.14435786,0.225378547
*Oc1ccc(C(CCC)(CCC)c2ccc(OC(*)=O)c(C)c2)cc1C,,0.972761341,0.239908747
*Oc1ccc(C(CCC)(CCC)c2ccc(OC(*)=O)cc2)cc1,,1.015922365,0.229886318
*Oc1ccc(C(CCCC)(CCCC)c2ccc(OC(*)=O)cc2)cc1,,1.002496135,0.236778552
*Oc1ccc(C(c2ccc(Oc3ccc(C(=O)c4cccc(C(=O)c5ccc(*)cc5)c4)cc3)cc2)(C(F)(F)F)C(F)(F)F)cc1,,1.277027535,0.179786563
*Oc1ccc(C(c2ccccc2)(c2ccccc2)c2ccc(OC(=O)c3cccc(C(*)=O)c3)cc2)cc1,,1.120952971,0.211413189
*Oc1ccc(C2(c3ccc(OC(*)=O)c(C)c3)CCCCC2)cc1C,,1.053045275,0.233405574
*Oc1ccc(C2(c3ccc(OC(*)=O)cc3)CCCCC2)cc1,,1.114381568,0.218561417
*Oc1ccc(C2(c3ccc(OC(=O)c4cccc(C(*)=O)c4)cc3)c3ccccc3-c3ccccc32)cc1,,1.142864316,0.216708127
*Oc1ccc(NC(=O)c2cc(C(c3ccc(C(=O)O)c(C(=O)Nc4ccc(Oc5ccc(C(c6ccc(*)cc6)(C(F)(F)F)C(F)(F)F)cc5)cc4)c3)(C(F)(F)F)C(F)(F)F)ccc2C(=O)O)cc1,,1.344511076,0.189394728
*Oc1ccc(NC(=O)c2ccc(C(c3ccc(C(=O)O)c(C(=O)Nc4cc(*)ccc4N)c3)(C(F)(F)F)C(F)(F)F)cc2C(=O)O)c(N)c1,,1.368217726,0.228404459
*Oc1ccc(NC(=O)c2cccc(C(=O)Nc3ccc(*)cc3)c2)cc1,,1.224593369,0.300233168
*Oc1ccc(OC(=O)c2cc(OCCCCCCCCCCCC)c(C(*)=O)cc2OCCCCCCCCCCCC)cc1,,1.00135856,0.305736886
*Oc1ccc(OC(=O)c2ccccc2/C=C/c2ccc(/C=C/c3ccccc3C(*)=O)cc2)cc1,,1.170701737,0.235313014
*Oc1ccc(Oc2ccc(C(=O)c3ccc(C(=O)c4ccc(*)cc4)c4ccccc34)cc2)cc1,,1.172687952,0.231751558
*Oc1ccc(Oc2ccc(Oc3ccc(S(=O)(=O)c4ccc(*)cc4)cc3)cc2)cc1,,1.248920055,0.229938844
*Oc1ccc(S(=O)(=O)c2ccc(OC(=O)c3ccccc3/C=C/c3ccc(/C=C/c4ccccc4C(*)=O)cc3)cc2)cc1,,1.203593144,0.201310165
*Oc1ccc(S(=O)(=O)c2ccc(Oc3c(C)cc(C(C)(C)c4cc(C)c(*)c(C)c4)cc3C)cc2)cc1,,1.070009763,0.207453817
*Oc1ccc(S(=O)(=O)c2ccc(Oc3c(C)cc(C(C)(C)c4cc(C)c(*)c(C)c4)cc3C)cc2C(O)(C(F)(F)F)C(F)(F)F)c(C(O)(C(F)(F)F)C(F)(F)F)c1,,1.262427505,0.152623848
*Oc1ccc(S(=O)(=O)c2ccc(Oc3c(C)cc(C(c4cc(C)c(*)c(C)c4)(C(F)(F)F)C(F)(F)F)cc3C)cc2)cc1,,1.190830229,0.154355563
*Oc1ccc(S(=O)(=O)c2ccc(Oc3ccc(-c4ccc(*)cc4)cc3)cc2)cc1,,1.222343047,0.234731231
*Oc1ccc(S(=O)(=O)c2ccc(Oc3ccc(C(=O)c4cc(Br)cc(C(=O)c5ccc(*)cc5)c4)cc3)cc2)cc1,,1.339021151,0.179353601
*Oc1ccc(S(=O)(=O)c2ccc(Oc3ccc(C(=O)c4cc(C(=O)c5ccc(*)cc5)cc(C(C)(C)C)c4)cc3)cc2)cc1,,1.161898548,0.21459288
*Oc1ccc(S(=O)(=O)c2ccc(Oc3ccc(C(=O)c4cc(I)cc(C(=O)c5ccc(*)cc5)c4)cc3)cc2)cc1,,1.433742475,0.179849923
*Oc1ccc(S(=O)(=O)c2ccc(Oc3ccc(C(=O)c4cccc(C(=O)c5ccc(*)cc5)c4)cc3)cc2)cc1,,1.236059497,0.213575422
*Oc1ccc(S(=O)(=O)c2ccc(Oc3ccc(C(C)(C)c4ccc(*)c(C(O)(C(F)(F)F)C(F)(F)F)c4)cc3C(O)(C(F)(F)F)C(F)(F)F)cc2)cc1,,1.345764376,0.165410873
*Oc1ccc(S(=O)(=O)c2ccc(Oc3ccc(C(C)(C)c4ccc(*)c(C(OC)(C(F)(F)F)C(F)(F)F)c4)cc3C(OC)(C(F)(F)F)C(F)(F)F)cc2)cc1,,1.295765969,0.13816211
*Oc1ccc(S(=O)(=O)c2ccc(Oc3ccc(C(C)(C)c4ccc(*)cc4)cc3)c([N+](=O)[O-])c2)cc1[N+](=O)[O-],,1.242881691,0.200486029
*Oc1ccc(S(=O)(=O)c2ccc(Oc3ccc(C(C)(C)c4ccc(*)cc4)cc3[N+](=O)[O-])cc2)cc1,,1.208636395,0.20299693
*Oc1ccc(S(=O)(=O)c2ccc(Oc3ccc(C(c4ccc(*)cc4)(C(F)(F)F)C(F)(F)F)cc3)cc2)cc1,,1.323061114,0.162123893
*Oc1ccc(S(=O)(=O)c2ccc(Oc3ccc(Cc4ccc(*)cc4)cc3)cc2)cc1,,1.212082381,0.211169803
*Oc1ccc(SC(=O)Oc2ccc(C(C)(C)c3ccc(OC(=O)Sc4ccc(*)cc4)cc3)cc2)cc1,,1.209562721,0.202245531
*Oc1ccc(SC(=O)Sc2ccc(*)cc2)cc1,,1.273621231,0.187987361
*Oc1ccc(Sc2ccc(OC(*)=O)cc2)cc1,,1.293120554,0.215699363
*Oc1ccc(cc1)C(=O)CCCCCCCCC(=O)c1ccc(cc1)OC(=O)*,,1.140448591,0.270982629
*Oc1ccc(cc1)C(c1ccc(cc1)OC(=O)*)(C(F)(F)F)C(F)(F)F,,1.384457385,0.16903023
*Oc1ccc(cc1)C(c1ccc(cc1)OC(=O)*)(C)C,,1.141156801,0.239631003
*Oc1ccc(cc1)C(c1ccc(cc1)OC(=O)*)(c1ccccc1)C#N,,1.157290262,0.214219488
*Oc1ccc(cc1)C(c1ccc(cc1)OC(=O)*)(c1ccccc1)c1ccccc1,,1.105355359,0.211523164
*Oc1ccc(cc1)C(c1ccc(cc1)OC(=O)CCCCC(=O)*)(C)C,,1.124186495,0.248641039
*Oc1ccc(cc1)C(c1ccc(cc1)OC(=O)c1cc(ccc1)C(=O)*)(C)C,,1.151161684,0.244415588
*Oc1ccc(cc1)C(c1ccc(cc1)OC(=O)c1ccc(cc1)C(=O)*)(C)C,,1.155215268,0.27751155
*Oc1ccc(cc1)C(c1ccc(cc1)OCC(C*)O)(C)C,,1.10386877,0.22967917
*Oc1ccc(cc1)C1(CCCC1)c1ccc(cc1)OC(=O)*,,1.143968702,0.233473598
*Oc1ccc(cc1)C1(c2ccccc2c2ccccc12)c1ccc(cc1)OC(=O)*,,1.128461031,0.207936405
*Oc1ccc(cc1)OC(=O)Oc1ccc(cc1)c1ccc(cc1)OC(=O)*,,1.272056297,0.329371007
*Oc1ccc(cc1)Oc1ccc(cc1)C(=O)c1ccc(cc1)*,,1.198377884,0.28329363
*Oc1ccc(cc1)S(=O)(=O)c1ccc(cc1)*,,1.28108858,0.203838738
*Oc1ccc(cc1)S(=O)(=O)c1ccc(cc1)OC(=O)*,,1.338016033,0.224611569
*Oc1ccc(cc1)S(=O)(=O)c1ccc(cc1)OC(=O)c1ccc(cc1)C(=O)*,,1.295290371,0.251101033
*Oc1ccc(cc1)S(=O)(=O)c1ccc(cc1)Oc1ccc(cc1)C(c1ccc(cc1)*)(C)C,,1.170201666,0.210272564
*Oc1ccc(cc1)c1ccc(cc1)OC(=O)CCCCCC(=O)*,,1.161102833,0.265574997
*Oc1ccc2[nH]c(-c3ccc4c(c3)-c3cc(-c5nc6cc(*)ccc6[nH]5)ccc3S4(=O)=O)nc2c1,,1.242048901,0.242108846
*Oc1ccc2[nH]c(-c3ccc4sc5ccc(-c6nc7cc(*)ccc7[nH]6)cc5c4c3)nc2c1,,1.25041767,0.241468326
*Oc1ccc2c(c1)C1(CC2(C)C)CC(C)(C)c2ccc(OC(*)=O)cc21,,1.054952503,0.198892107
*Oc1ccc2c(c1)C1(CC2(C)C)CC(C)(C)c2ccc(OC(=O)c3ccc(C(*)=O)cc3)cc21,,1.075103554,0.202420703
*Oc1ccc2c(c1)C1(CC2(C)C)CC(C)(C)c2ccc(OC(=O)c3cccc(C(*)=O)c3)cc21,,1.088262536,0.197787592
*Oc1ccc2c(c1)nc1c3cc4c(=O)n5c6cc(*)ccc6nc5c4cc3c(=O)n21,,1.307297478,0.289671931
*Oc1ccc2c(c1)nc1n2C(=O)c2ccc(-c3ccc4c(c3)C(=O)n3c-4nc4ccc(*)cc43)cc2-1,,1.266039427,0.269836747
*Oc1ccc2ccc(OC(=O)c3ccccc3/C=C/c3ccc(/C=C/c4ccccc4C(*)=O)cc3)cc2c1,,1.174043238,0.227296374
*Oc1cccc(OC(=O)c2ccccc2/C=C/c2ccc(/C=C/c3ccccc3C(*)=O)cc2)c1,,1.152283822,0.198989787
*Oc1cccc(Oc2cccc(*)c2)c1C#N,,1.208287072,0.192496388
*Oc1cccc(S(=O)(=O)c2ccc(*)cc2)c1,,1.288531372,0.169806655
*Oc1cccc2c(OC(=O)c3ccccc3/C=C/c3ccc(/C=C/c4ccccc4C(*)=O)cc3)cccc12,,1.159483638,0.220093628
*Oc1cccc2ccc(OC(=O)c3ccccc3/C=C/c3ccc(/C=C/c4ccccc4C(*)=O)cc3)cc12,,1.161362337,0.204757868
*Oc1ccccc1OC(=O)c1ccccc1/C=C/c1ccc(/C=C/c2ccccc2C(*)=O)cc1,,1.154343518,0.222108797
*S(=O)(=O)c1ccc(cc1)NC(=O)CCCCC(=O)Nc1ccc(cc1)*,,1.254164268,0.241731039
*Sc1ccc(Cc2ccc(SC(*)=O)cc2)cc1,,1.226614486,0.180050455
*Sc1ccc(cc1)*,,1.261029827,0.165856187
*c1c(C)c(C)c(-n2c(=O)c3cc4c(=O)n(*)c(=O)c4cc3c2=O)c(C)c1C,,0.999149898,0.514344047
*c1c(C)cc(C(c2cc(C)c(N3C(=O)c4ccc(-c5ccc6c(c5)C(=O)N(*)C6=O)cc4C3=O)c(C)c2)c2cccc3ccccc23)cc1C,,1.048715077,0.236427007
*c1cc(Br)c(OC(=O)c2ccc(C(=O)Oc3c(Br)cc(C4(*)OC(=O)c5ccccc54)cc3Br)cc2)c(Br)c1,,1.625018685,0.155531081
*c1cc(C(c2ccc(O)c(-n3c(=O)c4cc5c(=O)n(*)c(=O)c5cc4c3=O)c2)(C(F)(F)F)C(F)(F)F)ccc1O,,1.357726456,0.188839787
*c1cc(C(c2ccc(O)c(N3C(=O)c4ccc(-c5ccc6c(c5)C(=O)N(*)C6=O)cc4C3=O)c2)(C(F)(F)F)C(F)(F)F)ccc1O,,1.2976353,0.203289189
*c1cc(C(c2ccc(O)c(N3C(=O)c4ccc(Oc5ccc6c(c5)C(=O)N(*)C6=O)cc4C3=O)c2)(C(F)(F)F)C(F)(F)F)ccc1O,,1.344261415,0.190410767
*c1cc(CCCC)c(*)s1,,1.036409942,0.320117807
*c1cc2c(C(=O)N(C2=O)c2cc(ccc2)C(=O)c2cc(ccc2)N2C(=O)c3c(C2=O)cc(cc3)C(=O)*)cc1,,1.261274943,0.23166303
*c1cc2c(C(=O)N(C2=O)c2cc(ccc2)NC(=O)c2cc(ccc2)N2C(=O)c3c(C2=O)cc(cc3)C(=O)*)cc1,,1.277306466,0.248247801
*c1cc2c(C(=O)N(C2=O)c2cc(ccc2)OCCOCCOc2cc(ccc2)N2C(=O)c3c(C2=O)cc(cc3)C(=O)*)cc1,,1.277701247,0.232989048
*c1cc2c(C(=O)N(C2=O)c2ccc(cc2)C(=O)NCCCCCCNC(=O)*)cc1,,1.208959693,0.30396234
*c1cc2c(C(=O)N(C2=O)c2ccc(cc2)Oc2ccc(cc2)N2C(=O)c3c(C2=O)cc(cc3)C(C(C(*)(F)F)(F)F)(F)F)cc1,,1.358626774,0.221414687
*c1cc2c(C(=O)N(C2=O)c2ccc(cc2)Oc2ccc(cc2)NC(=O)*)cc1,,1.264285557,0.329475891
*c1cc2c(C(=O)N(C2=O)c2ccc(cc2)S(=O)(=O)c2ccc(cc2)N2C(=O)c3c(C2=O)cc(cc3)C(=O)Nc2ccc(cc2)NC(=O)*)cc1,,1.292534878,0.302433401
*c1cc2c(C(=O)N(C2=O)c2ccc(cc2)S(=O)(=O)c2ccc(cc2)N2C(=O)c3c(C2=O)cc(cc3)C(=O)Nc2ccc(cc2)Oc2ccc(cc2)NC(=O)*)cc1,,1.279176196,0.288809096
*c1ccc(*)s1,,1.283756133,0.597038429
*c1ccc(-c2ccc(-c3ccc(N4C(=O)c5ccc(-c6ccc7c(c6)C(=O)N(*)C7=O)cc5C4=O)cc3)cc2)cc1,,1.18947831,0.51076025
*c1ccc(-c2ccc(-n3c(=O)c4cc5c(=O)n(*)c(=O)c5cc4c3=O)c(C)c2)cc1C,,1.085667358,0.581158989
*c1ccc(-c2ccc(-n3c(=O)c4cc5c(=O)n(*)c(=O)c5cc4c3=O)c(OC)c2)cc1OC,,1.102881086,0.515087068
*c1ccc(-c2ccc(-n3c(=O)c4cc5c(=O)n(*)c(=O)c5cc4c3=O)cc2C(F)(F)F)c(C(F)(F)F)c1,,1.23558415,0.382911128
*c1ccc(-c2ccc(-n3c(=O)c4cc5c(=O)n(*)c(=O)c5cc4c3=O)cc2OC(F)(F)F)c(OC(F)(F)F)c1,,1.340617278,0.342393297
*c1ccc(-c2ccc(N3C(=O)c4cc5c(cc4C3=O)C(C(F)(F)F)(C(F)(F)F)c3cc4c(cc3O5)C(=O)N(*)C4=O)cc2C(F)(F)F)c(C(F)(F)F)c1,,1.258323544,0.334859311
*c1ccc(-c2ccc(N3C(=O)c4cc5c(cc4C3=O)C(C(F)(F)F)(C(F)(F)F)c3cc4c(cc3O5)C(=O)N(*)C4=O)cc2OC(F)(F)F)c(OC(F)(F)F)c1,,1.308167258,0.314708286
*c1ccc(-c2ccc(N3C(=O)c4ccc(-c5ccc6c(c5)C(=O)N(*)C6=O)cc4C3=O)c(C)c2)cc1C,,1.130906275,0.46287727
*c1ccc(-c2ccc(N3C(=O)c4ccc(-c5ccc6c(c5)C(=O)N(*)C6=O)cc4C3=O)c(OC)c2)cc1OC,,1.132406041,0.401240453
*c1ccc(-c2ccc(N3C(=O)c4ccc(-c5ccc6c(c5)C(=O)N(*)C6=O)cc4C3=O)cc2C(F)(F)F)c(C(F)(F)F)c1,,1.235348797,0.281094364
*c1ccc(-c2ccc(N3C(=O)c4ccc(-c5cccc6c5C(=O)N(*)C6=O)cc4C3=O)c(C)c2)cc1C,,1.114037498,0.252551567
*c1ccc(-c2ccc(N3C(=O)c4ccc(-c5cccc6c5C(=O)N(*)C6=O)cc4C3=O)cc2C(F)(F)F)c(C(F)(F)F)c1,,1.241363139,0.181127226
*c1ccc(-c2ccc(N3C(=O)c4ccc(-c5cccc6c5C(=O)N(*)C6=O)cc4C3=O)cc2C)c(C)c1,,1.114377047,0.246966336
*c1ccc(-c2ccc(Oc3ccc(C4(C)CC(C)(C)c5ccc(Oc6ccc(-c7ccc(N8C(=O)c9ccc(Oc%10ccc%11c(c%10)C(=O)N(*)C%11=O)cc9C8=O)cc7)cc6C(F)(F)F)cc54)cc3)c(C(F)(F)F)c2)cc1,,1.205587594,0.236371549
*c1ccc(-c2nc3cc(-c4ccc5nc(*)c(-c6ccc7ccccc7c6)nc5c4)ccc3nc2-c2ccc3ccccc3c2)cc1,,1.072232309,0.274147926
*c1ccc(-c2nc3cc(-c4ccc5nc(*)c(-c6ccccc6)nc5c4)ccc3nc2-c2ccccc2)cc1,,1.056649095,0.300076156
*c1ccc(-c2nc3cc(-c4ccc5nc(-c6ccccc6)c(*)nc5c4)ccc3nc2-c2ccccc2)cc1,,1.056458614,0.25797031
*c1ccc(-c2sc(-c3ccc(-n4c(=O)c5cc6c(=O)n(*)c(=O)c6cc5c4=O)cc3)c(-c3ccccc3)c2-c2ccccc2)cc1,,1.124308327,0.352891485
*c1ccc(-n2c(=O)c3cc4c(=O)n(*)c(=O)c4cc3c2=O)c(C)c1,,1.159593797,0.618759937
*c1ccc(C(=O)Nc2ccc(-n3c(=O)c4cc5c(=O)n(*)c(=O)c5cc4c3=O)cc2)cc1,,1.312416633,0.501051728
*c1ccc(C(=O)Oc2ccc(-n3c(=O)c4cc5c(=O)n(*)c(=O)c5cc4c3=O)cc2)cc1,,1.318962202,0.402981581
*c1ccc(C(=O)Oc2ccc(N3C(=O)c4ccc(-c5ccc6c(c5)C(=O)N(*)C6=O)cc4C3=O)cc2)cc1,,1.281208701,0.370940579
*c1ccc(C(C)(C)c2ccc(C(C)(C)c3ccc(N4C(=O)c5ccc(Oc6ccc7c(c6)C(=O)N(*)C7=O)cc5C4=O)cc3)cc2)cc1,,1.117686372,0.25056238
*c1ccc(C(C)(C)c2ccc(N3C(=O)c4ccc(Oc5ccc6c(c5)C(=O)N(*)C6=O)cc4C3=O)cc2)cc1,,1.188319624,0.27785637
*c1ccc(C(Cl)(Cl)C(*)Cl)cc1,,1.388472271,0.119776758
*c1ccc(C(c2ccc(-c3nc4cc(-c5ccc6nc(*)[nH]c6c5)ccc4[nH]3)cc2)(C(F)(F)F)C(F)(F)F)cc1,,1.234290717,0.239875739
*c1ccc(C(c2ccc(-c3nc4ccc(-c5ccc6nc(*)[nH]c6c5)cc4[nH]3)cc2)(C(F)(F)F)C(F)(F)F)cc1,,1.236638312,0.248861231
*c1ccc(C(c2ccc(N3C(=O)c4cc5c(cc4C3=O)C(C(F)(F)F)(C(F)(F)F)c3cc4c(cc3O5)C(=O)N(*)C4=O)cc2)(C(F)(F)F)C(F)(F)F)cc1,,1.308883696,0.206835687
*c1ccc(C(c2ccccc2)(c2ccc(-n3c(=O)c4cc5c(=O)n(*)c(=O)c5cc4c3=O)cc2)C(F)(F)F)cc1,,1.203851883,0.242359788
*c1ccc(C)c(N2C(=O)c3ccc(-c4ccc5c(c4)C(=O)N(*)C5=O)cc3C2=O)c1,,1.184934256,0.275354427
*c1ccc(Cc2ccc(-n3c(=O)c4cc5c(=O)n(*)c(=O)c5cc4c3=O)c(C)c2)cc1C,,1.13806991,0.315176584
*c1ccc(Cc2ccc(N(*)Cc3ccccc3)cc2)cc1,,1.08968454,0.238998014
*c1ccc(Cc2ccc(N3C(=O)C4CCC5C(=O)N(*)C(=O)C5C4C3=O)c(C)c2)cc1C,,1.113927188,0.238258763
*c1ccc(Cc2ccc(N3C(=O)c4ccc(-c5ccc6c(c5)C(=O)N(*)C6=O)cc4C3=O)c(C)c2)cc1C,,1.128546241,0.279064652
*c1ccc(Cc2ccc(N3C(=O)c4ccc(-c5ccc6c(c5)C(=O)N(*)C6=O)cc4C3=O)cc2)cc1,,1.211868653,0.310513378
*c1ccc(Cc2ccc(N3C(=O)c4ccc(Oc5ccc(C6(c7ccc(Oc8ccc9c(c8)C(=O)N(*)C9=O)cc7)CCCCCCCCCCC6)cc5)cc4C3=O)cc2)cc1,,1.105899582,0.234616466
*c1ccc(N2C(=O)c3ccc(-c4ccc5c(c4)C(=O)N(*)C5=O)cc3C2=O)c(C)c1,,1.175877728,0.374689314
*c1ccc(N2C(=O)c3ccc(-c4ccc5c(c4)C(=O)N(*)C5=O)cc3C2=O)cc1,,1.270230048,0.481624413
*c1ccc(N2C(=O)c3ccc(-c4ccc5c(c4)C(=O)N(*)C5=O)cc3C2=O)nc1,,1.260613162,0.482912726
*c1ccc(N2C(=O)c3ccc(-c4cccc5c4C(=O)N(*)C5=O)cc3C2=O)cc1,,1.218182819,0.249325732
*c1ccc(N2C(=O)c3ccc(C(=O)c4ccc5c(c4)C(=O)N(*)C5=O)cc3C2=O)cc1,,1.271524595,0.31707915
*c1ccc(N2C(=O)c3ccc(C(c4ccc5c(c4)C(=O)N(*)C5=O)(C(F)(F)F)C(F)(F)F)cc3C2=O)cc1,,1.307479371,0.195860266
*c1ccc(N2C(=O)c3ccc(Oc4ccc(C(C)(C)c5cccc(Oc6ccc7c(c6)C(=O)N(*)C7=O)c5)cc4)cc3C2=O)cc1,,1.211368453,0.254037201
*c1ccc(N2C(=O)c3ccc(Oc4ccc5c(c4)C(=O)N(*)C5=O)cc3C2=O)cc1,,1.284415042,0.341065511
*c1ccc(OC(=O)c2ccccc2/C=C/c2ccc(/C=C/c3ccccc3C(=O)Oc3ccc(C4(*)OC(=O)c5ccccc54)cc3)cc2)cc1,,1.161118025,0.217641609
*c1ccc(Oc2c(C)cc(-c3cc(C)c(Oc4ccc(N5C(=O)c6ccc(Oc7ccccc7Oc7ccc8c(c7)C(=O)N(*)C8=O)cc6C5=O)cc4C(F)(F)F)c(C)c3)cc2C)c(C(F)(F)F)c1,,1.230109509,0.215085171
*c1ccc(Oc2c(C)cc(C(C)(C)c3cc(C)c(Oc4ccc(N5C(=O)c6ccc(Oc7ccc(C8(c9ccc(Oc%10ccc%11c(c%10)C(=O)N(*)C%11=O)cc9)CCC(c9ccccc9)CC8)cc7)cc6C5=O)cc4)c(C)c3)cc2C)cc1,,1.099576141,0.242419906
*c1ccc(Oc2c(C)cc(C(c3cc(C)c(Oc4ccc(-n5c(=O)c6cc7c(=O)n(*)c(=O)c7cc6c5=O)cc4)c(C)c3)c3cccc4ccccc34)cc2C)cc1,,1.0879766,0.245595378
*c1ccc(Oc2c(C)cc(C(c3cc(C)c(Oc4ccc(N5C(=O)c6ccc(-c7ccc8c(c7)C(=O)N(*)C8=O)cc6C5=O)cc4)c(C)c3)c3cccc4ccccc34)cc2C)cc1,,1.105842199,0.261279179
*c1ccc(Oc2c(C)cc(Cc3cc(C)c(Oc4ccc(-n5c(=O)c6cc7c(=O)n(*)c(=O)c7cc6c5=O)cc4)c(C)c3)cc2C)cc1,,1.126951227,0.252482603
*c1ccc(Oc2c(C)cc(Cc3cc(C)c(Oc4ccc(N5C(=O)c6ccc(-c7ccc8c(c7)C(=O)N(*)C8=O)cc6C5=O)cc4)c(C)c3)cc2C)cc1,,1.132492938,0.256003141
*c1ccc(Oc2cc(C(C)(C)C)ccc2Oc2ccc(-n3c(=O)c4cc5c(=O)n(*)c(=O)c5cc4c3=O)cc2)cc1,,1.192553559,0.278141719
*c1ccc(Oc2cc(C(C)(C)C)ccc2Oc2ccc(N3C(=O)c4ccc(-c5ccc6c(c5)C(=O)N(*)C6=O)cc4C3=O)cc2)cc1,,1.171705288,0.288457547
*c1ccc(Oc2cc3ccccc3cc2Oc2ccc(N3C(=O)c4ccc(-c5ccc6c(c5)C(=O)N(*)C6=O)cc4C3=O)cc2)cc1,,1.241176561,0.254618417
*c1ccc(Oc2cc3ccccc3cc2Oc2ccc(N3C(=O)c4ccc(Oc5ccc6c(c5)C(=O)N(*)C6=O)cc4C3=O)cc2)cc1,,1.256698292,0.23259708
*c1ccc(Oc2cc3ccccc3cc2Oc2ccc(N3C(=O)c4ccc(S(=O)(=O)c5ccc6c(c5)C(=O)N(*)C6=O)cc4C3=O)cc2)cc1,,1.273186916,0.204011822
*c1ccc(Oc2ccc(-c3ccc(Oc4ccc(-n5c(=O)c6cc7c(=O)n(*)c(=O)c7cc6c5=O)cc4)cc3)cc2)cc1,,1.236301542,0.419114901
*c1ccc(Oc2ccc(-c3ccc(Oc4ccc(N5C(=O)c6ccc(-c7ccc8c(c7)C(=O)N(*)C8=O)cc6C5=O)cc4)cc3)cc2)cc1,,1.208662152,0.339042351
*c1ccc(Oc2ccc(-c3ccc(Oc4ccc(N5C(=O)c6ccc(Oc7ccc(C8(c9ccc(Oc%10ccc%11c(c%10)C(=O)N(*)C%11=O)cc9)CCC(c9ccccc9)CC8)cc7)cc6C5=O)cc4)cc3C)c(C)c2)cc1,,1.145147381,0.262426433
*c1ccc(Oc2ccc(-c3ccc(Oc4ccc(N5C(=O)c6ccc(Oc7ccc(C8(c9ccc(Oc%10ccc%11c(c%10)C(=O)N(*)C%11=O)cc9)CCCCCCCCCCC8)cc7)cc6C5=O)cc4)cc3C)c(C)c2)cc1,,1.09791089,0.271126559
*c1ccc(Oc2ccc(-c3ccc(Oc4ccc(N5C(=O)c6ccc(Oc7cccc(Oc8ccc9c(c8)C(=O)N(*)C9=O)c7)cc6C5=O)cc4)cc3)cc2)cc1,,1.246201454,0.28734094
*c1ccc(Oc2ccc(C(=O)c3ccc(Oc4ccc(C5(*)OC(=O)c6ccccc65)cc4)cc3)cc2)cc1,,1.186783157,0.249754092
*c1ccc(Oc2ccc(C(C)(C)c3ccc(Oc4ccc(N5C(=O)C6CCC7C(=O)N(*)C(=O)C7C6C5=O)cc4)cc3)cc2)cc1,,1.163593926,0.252650625
*c1ccc(Oc2ccc(C(C)(C)c3ccc(Oc4ccc(N5C(=O)c6cc7C(=O)N(*)C(=O)c7cc6C5=O)cc4)cc3)cc2)cc1,,1.199178113,0.291997587
*c1ccc(Oc2ccc(C(C)(C)c3ccc(Oc4ccc(N5C(=O)c6ccc(-c7ccc8c(c7)C(=O)N(*)C8=O)cc6C5=O)cc4)cc3)cc2)cc1,,1.185849635,0.317184763
*c1ccc(Oc2ccc(C(C)(C)c3ccc(Oc4ccc(N5C(=O)c6ccc(C(=O)c7ccc8c(c7)C(=O)N(*)C8=O)cc6C5=O)cc4)cc3)cc2)cc1,,1.202972829,0.278491279
*c1ccc(Oc2ccc(C(c3ccc(Oc4ccc(-n5c(=O)c6cc7c(=O)n(*)c(=O)c7cc6c5=O)cc4)cc3)(C(F)(F)F)C(F)(F)F)cc2)cc1,,1.308564776,0.219568135
*c1ccc(Oc2ccc(C(c3ccc(Oc4ccc(N5C(=O)c6ccc(-c7ccc8c(c7)C(=O)N(*)C8=O)cc6C5=O)cc4)cc3)(C(F)(F)F)C(F)(F)F)cc2)cc1,,1.276047621,0.230715582
*c1ccc(Oc2ccc(C(c3ccc(Oc4ccc(N5C(=O)c6ccc(Oc7ccc(C8(c9ccc(Oc%10ccc%11c(c%10)C(=O)N(*)C%11=O)cc9)CCC(C(C)(C)C)CC8)cc7)cc6C5=O)cc4)cc3)(C(F)(F)F)C(F)(F)F)cc2)cc1,,1.183874742,0.210880706
*c1ccc(Oc2ccc(C(c3ccc(Oc4ccc(N5C(=O)c6ccc(Oc7ccc8c(c7)C(=O)N(*)C8=O)cc6C5=O)cc4)cc3)(C(F)(F)F)C(F)(F)F)cc2)cc1,,1.295800467,0.211511474
*c1ccc(Oc2ccc(C(c3ccc(Oc4ccc(N5C(=O)c6ccc(Oc7ccccc7Oc7ccc8c(c7)C(=O)N(*)C8=O)cc6C5=O)cc4C(F)(F)F)cc3)(C(F)(F)F)C(F)(F)F)cc2)c(C(F)(F)F)c1,,1.347929123,0.172393313
*c1ccc(Oc2ccc(C3(c4ccc(Oc5ccc(N6C(=O)c7ccc(Oc8ccc(C9(c%10ccc(Oc%11ccc%12c(c%11)C(=O)N(*)C%12=O)cc%10)CCC(C(C)(C)C)CC9)cc8)cc7C6=O)cc5)cc4)CC4CC3C3CCCC43)cc2)cc1,,1.105510641,0.235289626
*c1ccc(Oc2ccc(C3(c4ccc(Oc5ccc(N6C(=O)c7ccc(Oc8ccc(C9(c%10ccc(Oc%11ccc%12c(c%11)C(=O)N(*)C%12=O)cc%10)CCC(c%10ccccc%10)CC9)cc8)cc7C6=O)cc5)cc4)CC4CC3C3CCCC43)cc2)cc1,,1.128591153,0.22907507
*c1ccc(Oc2ccc(C3(c4ccc(Oc5ccc(N6C(=O)c7ccc(Oc8ccc(C9(c%10ccc(Oc%11ccc%12c(c%11)C(=O)N(*)C%12=O)cc%10)CCCCCCCCCCC9)cc8)cc7C6=O)cc5)cc4)C4CC5CC(C4)CC3C5)cc2)cc1,,1.101806479,0.2382015
*c1ccc(Oc2ccc(C3(c4ccc(Oc5ccc(N6C(=O)c7ccc(Oc8ccc(C9(c%10ccc(Oc%11ccc%12c(c%11)C(=O)N(*)C%12=O)cc%10)CCCCCCCCCCC9)cc8)cc7C6=O)cc5)cc4)CCC(C(C)(C)C)CC3)cc2)cc1,,1.073893097,0.254842041
*c1ccc(Oc2ccc(C3(c4ccc(Oc5ccc(N6C(=O)c7ccc(Oc8ccccc8Oc8ccc9c(c8)C(=O)N(*)C9=O)cc7C6=O)cc5C(F)(F)F)cc4)c4ccccc4-c4ccccc43)cc2)c(C(F)(F)F)c1,,1.25213482,0.188157219
*c1ccc(Oc2ccc(N3C(=O)C4CCC5C(=O)N(*)C(=O)C5C4C3=O)cc2)cc1,,1.224206455,0.263432532
*c1ccc(Oc2ccc(N3C(=O)c4cc5C(=O)N(*)C(=O)c5cc4C3=O)cc2)cc1,,1.286371335,0.42519848
*c1ccc(Oc2ccc(N3C(=O)c4ccc(-c5ccc6c(c5)C(=O)N(*)C6=O)cc4C3=O)cc2)cc1,,1.246919536,0.349285387
*c1ccc(Oc2ccc(N3C(=O)c4ccc(-c5cccc6c5C(=O)N(*)C6=O)cc4C3=O)cc2)cc1,,1.225730173,0.246678175
*c1ccc(Oc2ccc(N3C(=O)c4ccc(C(=O)c5ccc6c(c5)C(=O)N(*)C6=O)cc4C3=O)cc2)cc1,,1.25624388,0.287757726
*c1ccc(Oc2ccc(N3C(=O)c4ccc(C(c5ccc6c(c5)C(=O)N(*)C6=O)(C(F)(F)F)C(F)(F)F)cc4C3=O)cc2)cc1,,1.301214948,0.205297018
*c1ccc(Oc2ccc(N3C(=O)c4ccc(Oc5ccc(C(c6ccc(Oc7ccc8c(c7)C(=O)N(*)C8=O)cc6)(C(F)(F)F)C(F)(F)F)cc5)cc4C3=O)cc2)cc1,,1.302606771,0.220106642
*c1ccc(Oc2ccc(N3C(=O)c4ccc(Oc5ccc(C6(c7ccc(Oc8ccc9c(c8)C(=O)N(*)C9=O)cc7)CCC(c7ccccc7)CC6)cc5)cc4C3=O)cc2)cc1,,1.165731568,0.234347519
*c1ccc(Oc2ccc(N3C(=O)c4ccc(Oc5ccc6c(c5)C(=O)N(*)C6=O)cc4C3=O)cc2)cc1,,1.269137831,0.318102166
*c1ccc(Oc2ccc(N3C(=O)c4ccc(Oc5cccc6c5C(=O)N(*)C6=O)cc4C3=O)cc2)cc1,,1.273119351,0.249143763
*c1ccc(Oc2ccc(N3C(=O)c4cccc(Oc5cccc6c5C(=O)N(*)C6=O)c4C3=O)cc2)cc1,,1.284526309,0.222053496
*c1ccc(Oc2ccc(NC(=O)CN3C(=O)c4ccc(C(c5ccc6c(c5)C(=O)N(CC(=O)Nc5ccc(Oc7ccc(-c8nnc(*)o8)cc7)cc5)C6=O)(C(F)(F)F)C(F)(F)F)cc4C3=O)cc2)cc1,,1.321558491,0.215864818
*c1ccc(Oc2ccc(Oc3ccc(-n4c(=O)c5cc6c(=O)n(*)c(=O)c6cc5c4=O)cc3)cc2-c2ccccc2)cc1,,1.228190525,0.30983122
*c1ccc(Oc2ccc(Oc3ccc(-n4c(=O)c5cc6c(=O)n(*)c(=O)c6cc5c4=O)cc3)cc2C(C)(C)C)cc1,,1.155735832,0.299962523
*c1ccc(Oc2ccc(Oc3ccc(N4C(=O)C5CCC6C(=O)N(*)C(=O)C6C5C4=O)cc3)cc2)cc1,,1.213193563,0.274145489
*c1ccc(Oc2ccc(Oc3ccc(N4C(=O)c5cc6C(=O)N(*)C(=O)c6cc5C4=O)cc3)cc2)cc1,,1.27413335,0.343936522
*c1ccc(Oc2ccc(Oc3ccc(N4C(=O)c5ccc(-c6ccc7c(c6)C(=O)N(*)C7=O)cc5C4=O)cc3)c(-c3ccccc3)c2)cc1,,1.202889399,0.316411554
*c1ccc(Oc2ccc(Oc3ccc(N4C(=O)c5ccc(-c6ccc7c(c6)C(=O)N(*)C7=O)cc5C4=O)cc3)c(C(C)(C)C)c2)cc1,,1.153474075,0.30392846
*c1ccc(Oc2ccc(Oc3ccc(N4C(=O)c5ccc(-c6ccc7c(c6)C(=O)N(*)C7=O)cc5C4=O)cc3)cc2)cc1,,1.238883713,0.295398373
*c1ccc(Oc2ccc(Oc3ccc(N4C(=O)c5ccc(-c6cccc7c6C(=O)N(*)C7=O)cc5C4=O)cc3)cc2)cc1,,1.224657804,0.253562737
*c1ccc(Oc2ccc(Oc3ccc(N4C(=O)c5ccc(C(c6ccc7c(c6)C(=O)N(*)C7=O)(C(F)(F)F)C(F)(F)F)cc5C4=O)cc3)cc2)cc1,,1.291041814,0.20429123
*c1ccc(Oc2ccc(Oc3ccc(N4C(=O)c5ccc(Oc6ccc(C7(c8ccc(Oc9ccc%10c(c9)C(=O)N(*)C%10=O)cc8)CCC(C(C)(C)C)CC7)cc6)cc5C4=O)cc3)c(C(C)(C)C)c2)cc1,,1.108698074,0.275312596
*c1ccc(Oc2ccc(Oc3ccc(N4C(=O)c5ccc(Oc6ccc(C7(c8ccc(Oc9ccc%10c(c9)C(=O)N(*)C%10=O)cc8)CCC(c8ccccc8)CC7)cc6)cc5C4=O)cc3)c(C(C)(C)C)c2)cc1,,1.137986282,0.258275143
*c1ccc(Oc2ccc(Oc3ccc(N4C(=O)c5ccc(Oc6ccc(C7(c8ccc(Oc9ccc%10c(c9)C(=O)N(*)C%10=O)cc8)CCCCCCCCCCC7)cc6)cc5C4=O)cc3)c(C(C)(C)C)c2)cc1,,1.080878734,0.253157391
*c1ccc(Oc2ccc(Oc3ccc(N4C(=O)c5ccc(Oc6ccc7c(c6)C(=O)N(*)C7=O)cc5C4=O)cc3)cc2)cc1,,1.250215209,0.260809088
*c1ccc(Oc2ccc(Oc3ccc(N4C(=O)c5ccc(Oc6cccc7c6C(=O)N(*)C7=O)cc5C4=O)cc3)cc2)cc1,,1.258077327,0.255200829
*c1ccc(Oc2ccc(Oc3ccc(N4C(=O)c5ccc(Oc6ccccc6Oc6ccc7c(c6)C(=O)N(*)C7=O)cc5C4=O)cc3C(F)(F)F)cc2)c(C(F)(F)F)c1,,1.333812448,0.203445263
*c1ccc(Oc2ccc(Oc3ccc(N4C(=O)c5cccc(Oc6cccc7c6C(=O)N(*)C7=O)c5C4=O)cc3)cc2)cc1,,1.265742575,0.228924168
*c1ccc(Oc2ccc(S(=O)(=O)c3ccc(Oc4ccc(N5C(=O)c6cc7C(=O)N(*)C(=O)c7cc6C5=O)cc4)cc3)cc2)cc1,,1.287501153,0.257046515
*c1ccc(Oc2ccc(S(=O)(=O)c3ccc(Oc4ccc(N5C(=O)c6ccc(C(=O)c7ccc8c(c7)C(=O)N(*)C8=O)cc6C5=O)cc4)cc3)cc2)cc1,,1.26934889,0.244102731
*c1ccc(Oc2ccc(S(=O)(=O)c3ccc(Oc4ccc(N5C(=O)c6ccc(C(c7ccc8c(c7)C(=O)N(*)C8=O)(C(F)(F)F)C(F)(F)F)cc6C5=O)cc4)cc3)cc2)cc1,,1.306828793,0.207221278
*c1ccc(Oc2ccc(S(=O)(=O)c3ccc(Oc4ccc(N5C(=O)c6ccc(Oc7ccc8c(c7)C(=O)N(*)C8=O)cc6C5=O)cc4)cc3)cc2)cc1,,1.270428801,0.250512619
*c1ccc(Oc2ccc3ccc(Oc4ccc(-n5c(=O)c6cc7c(=O)n(*)c(=O)c7cc6c5=O)cc4)cc3c2)cc1,,1.273386357,0.289863471
*c1ccc(Oc2cccc(N3C(=O)c4ccc(-c5cccc6c5C(=O)N(*)C6=O)cc4C3=O)c2)cc1,,1.238208298,0.21550438
*c1ccc(Oc2cccc(Oc3ccc(N4C(=O)c5cc6C(=O)N(*)C(=O)c6cc5C4=O)cc3)c2)cc1,,1.299910742,0.289920789
*c1ccc(Oc2cccc(Oc3ccc(N4C(=O)c5ccc(-c6ccc7c(c6)C(=O)N(*)C7=O)cc5C4=O)cc3)c2)cc1,,1.252835014,0.282900087
*c1ccc(Oc2cccc(Oc3ccc(N4C(=O)c5ccc(-c6cccc7c6C(=O)N(*)C7=O)cc5C4=O)cc3)c2)cc1,,1.238084525,0.215328534
*c1ccc(Oc2cccc(Oc3ccc(N4C(=O)c5ccc(C(=O)c6ccc7c(c6)C(=O)N(*)C7=O)cc5C4=O)cc3)c2)cc1,,1.269371235,0.243353052
*c1ccc(Oc2cccc(Oc3ccc(N4C(=O)c5ccc(Oc6ccc7c(c6)C(=O)N(*)C7=O)cc5C4=O)cc3)c2)cc1,,1.270104981,0.239797409
*c1ccc(Oc2cccc3c(Oc4ccc(-n5c(=O)c6cc7c(=O)n(*)c(=O)c7cc6c5=O)cc4)cccc23)cc1,,1.243581648,0.317593927
*c1ccc(Oc2ccccc2Oc2ccc(-n3c(=O)c4cc5c(=O)n(*)c(=O)c5cc4c3=O)cc2)cc1,,1.279833729,0.27636764
*c1ccc(Oc2ccccc2Oc2ccc(N3C(=O)c4ccc(-c5ccc6c(c5)C(=O)N(*)C6=O)cc4C3=O)cc2)cc1,,1.252823634,0.29151673
*c1ccc(Oc2ccccc2Oc2ccc(N3C(=O)c4ccc(Oc5ccccc5Oc5ccc6c(c5)C(=O)N(*)C6=O)cc4C3=O)cc2C(F)(F)F)c(C(F)(F)F)c1,,1.319418273,0.175622309
*c1ccc(S(*)(=O)=O)cc1,,1.355113919,0.199092642
*c1ccc(S(=O)(=O)c2ccc(N3C(=O)c4cc5C(=O)N(*)C(=O)c5cc4C3=O)cc2)cc1,,1.303952645,0.29081044
*c1ccc(S(=O)(=O)c2ccc(N3C(=O)c4ccc(-c5ccc6c(c5)C(=O)N(*)C6=O)cc4C3=O)cc2)cc1,,1.251668706,0.280663141
*c1ccc(S(=O)(=O)c2ccc(N3C(=O)c4ccc(C(=O)c5ccc6c(c5)C(=O)N(*)C6=O)cc4C3=O)cc2)cc1,,1.295795426,0.255148124
*c1ccc(S(=O)(=O)c2ccc(N3C(=O)c4ccc(C(c5ccc6c(c5)C(=O)N(*)C6=O)(C(F)(F)F)C(F)(F)F)cc4C3=O)cc2)cc1,,1.310115561,0.166991738
*c1ccc(S(=O)(=O)c2ccc(N3C(=O)c4ccc(Oc5ccc6c(c5)C(=O)N(*)C6=O)cc4C3=O)cc2)cc1,,1.283240207,0.249871544
*c1ccc(Sc2ccc(-n3c(=O)c4cc5c(=O)n(*)c(=O)c5cc4c3=O)cc2)cc1,,1.292784022,0.277607792
*c1ccc(Sc2ccc(Oc3ccc(Sc4ccc(N5C(=O)c6ccc(Oc7ccc(C(C)(C)c8ccc(Oc9ccc%10c(c9)C(=O)N(*)C%10=O)cc8)cc7)cc6C5=O)cc4)cc3)cc2)cc1,,1.217456722,0.219421614
*c1ccc(Sc2ccc(Sc3ccc(Sc4ccc(-n5c(=O)c6cc7c(=O)n(*)c(=O)c7cc6c5=O)cc4)cc3)cc2)cc1,,1.289064116,0.209987039
*c1ccc(Sc2ccc3c(c2)Sc2ccc(Sc4ccc(-n5c(=O)c6cc7c(=O)n(*)c(=O)c7cc6c5=O)cc4)cc2S3)cc1,,1.305780731,0.199953659
*c1ccc2c(c1)-c1cc(-c3nc4cc(-c5ccc6[nH]c(*)nc6c5)ccc4[nH]3)ccc1S2(=O)=O,,1.212814908,0.266970833
*c1ccc2c(c1)-c1nc3cc(-c4ccc5nc6n(c5c4)C(=O)c4cc(C(*)(C(F)(F)F)C(F)(F)F)ccc4-6)ccc3n1C2=O,,1.278237634,0.18416099
*c1ccc2c(c1)-c1nc3cc(Oc4ccc5c(c4)nc4n5C(=O)c5cc(C(*)(C(F)(F)F)C(F)(F)F)ccc5-4)ccc3n1C2=O,,1.329999975,0.183522496
*c1ccc2c(c1)-c1nc3cc(Oc4ccc5nc6n(c5c4)C(=O)c4cc(C(*)(C(F)(F)F)C(F)(F)F)ccc4-6)ccc3n1C2=O,,1.331719513,0.176963476
*c1ccc2c(c1)C(=O)N(c1c(C(C)C)cc(Cc3cc(C(C)C)c(N4C(=O)c5ccc(C(*)(C(F)(F)F)C(F)(F)F)cc5C4=O)c(C(C)C)c3)cc1C(C)C)C2=O,,1.054205669,0.16484689
*c1ccc2c(c1)C(=O)N(c1c(C)c(C)c(N3C(=O)c4ccc(C(*)(C(F)(F)F)C(F)(F)F)cc4C3=O)c(C)c1C)C2=O,,1.146022084,0.16438311
*c1ccc2c(c1)C(=O)N(c1c(C)cc(C(c3cc(C)c(N4C(=O)c5ccc(C(*)(C(F)(F)F)C(F)(F)F)cc5C4=O)c(C)c3)c3cccc4ccccc34)cc1C)C2=O,,1.104934419,0.161522154
*c1ccc2c(c1)C(=O)N(c1c(C)cc(C)c(N3C(=O)c4ccc(C(*)(C(F)(F)F)C(F)(F)F)cc4C3=O)c1C)C2=O,,1.174741146,0.150371313
*c1ccc2c(c1)C(=O)N(c1c(C)cc(Cc3cc(C)c(N4C(=O)c5ccc(C(*)(C(F)(F)F)C(F)(F)F)cc5C4=O)c(C)c3)cc1C)C2=O,,1.149323946,0.164469188
*c1ccc2c(c1)C(=O)N(c1c(CC)cc(Cc3cc(CC)c(N4C(=O)c5ccc(C(*)(C(F)(F)F)C(F)(F)F)cc5C4=O)c(CC)c3)cc1CC)C2=O,,1.128172684,0.1778175
*c1ccc2c(c1)C(=O)N(c1cc(C(c3ccc(O)c(N4C(=O)c5ccc(C(*)(C(F)(F)F)C(F)(F)F)cc5C4=O)c3)(C(F)(F)F)C(F)(F)F)ccc1O)C2=O,,1.333438371,0.132113785
*c1ccc2c(c1)C(=O)N(c1cc(N3C(=O)c4ccc(C(*)(C(F)(F)F)C(F)(F)F)cc4C3=O)ccc1C)C2=O,,1.24938533,0.153779126
*c1ccc2c(c1)C(=O)N(c1ccc(-c3ccc(Oc4ccc5c(c4)C(C)(c4ccc(Oc6ccc(-c7ccc(N8C(=O)c9ccc(C(*)(C(F)(F)F)C(F)(F)F)cc9C8=O)cc7)cc6C(F)(F)F)cc4)CC5(C)C)c(C(F)(F)F)c3)cc1)C2=O,,1.229265414,0.18898492
*c1ccc2c(c1)C(=O)N(c1ccc(C(C)(C)c3ccc(N4C(=O)c5ccc(C(*)(C(F)(F)F)C(F)(F)F)cc5C4=O)cc3)cc1)C2=O,,1.229423781,0.188288469
*c1ccc2c(c1)C(=O)N(c1ccc(C(c3ccc(C)c(N4C(=O)c5ccc(C(*)(C(F)(F)F)C(F)(F)F)cc5C4=O)c3)(C(F)(F)F)C(F)(F)F)cc1C)C2=O,,1.259487717,0.125282992
*c1ccc2c(c1)C(=O)N(c1ccc(C(c3ccc(N4C(=O)c5ccc(C(*)(C(F)(F)F)C(F)(F)F)cc5C4=O)cc3)(C(F)(F)F)C(F)(F)F)cc1)C2=O,,1.312846814,0.150988967
*c1ccc2c(c1)C(=O)N(c1ccc(Cc3ccc(N4C(=O)c5ccc(C(*)(C(F)(F)F)C(F)(F)F)cc5C4=O)cc3)cc1)C2=O,,1.27525294,0.197639356
*c1ccc2c(c1)C(=O)N(c1ccc(Cc3ccc(N4C(=O)c5ccc(C(F)(F)C(F)(F)C(*)(F)F)cc5C4=O)cc3)cc1)C2=O,,1.327992966,0.201372992
*c1ccc2c(c1)C(=O)N(c1ccc(Oc3c(C)cc(C(c4cc(C)c(Oc5ccc(N6C(=O)c7ccc(C(*)(C(F)(F)F)C(F)(F)F)cc7C6=O)cc5)c(C)c4)c4cccc5ccccc45)cc3C)cc1)C2=O,,1.147237154,0.184969637
*c1ccc2c(c1)C(=O)N(c1ccc(Oc3c(C)cc(Cc4cc(C)c(Oc5ccc(N6C(=O)c7ccc(C(*)(C(F)(F)F)C(F)(F)F)cc7C6=O)cc5)c(C)c4)cc3C)cc1)C2=O,,1.188244381,0.187678976
*c1ccc2c(c1)C(=O)N(c1ccc(Oc3ccc(-c4ccc(Oc5ccc(N6C(=O)c7ccc(C(*)(C(F)(F)F)C(F)(F)F)cc7C6=O)cc5)cc4)cc3)cc1)C2=O,,1.257027996,0.192517661
*c1ccc2c(c1)C(=O)N(c1ccc(Oc3ccc(C(c4ccc(Oc5ccc(N6C(=O)c7ccc(C(*)(C(F)(F)F)C(F)(F)F)cc7C6=O)cc5)cc4)(C(F)(F)F)C(F)(F)F)cc3)cc1)C2=O,,1.311751956,0.178824304
*c1ccc2c(c1)C(=O)N(c1ccc(Oc3ccc(N4C(=O)c5ccc(C(C)(C)CCCCC(*)(C)C)cc5C4=O)cc3)cc1)C2=O,,1.127096125,0.234181621
*c1ccc2c(c1)C(=O)N(c1ccc(Oc3ccc(N4C(=O)c5ccc(C(C)(C)CCCCCCCCC(*)(C)C)cc5C4=O)cc3)cc1)C2=O,,1.09921516,0.254763626
*c1ccc2c(c1)C(=O)N(c1ccc(Oc3ccc4ccc(Oc5ccc(N6C(=O)c7ccc(C(*)(C(F)(F)F)C(F)(F)F)cc7C6=O)cc5)cc4c3)cc1)C2=O,,1.283568007,0.182668971
*c1ccc2c(c1)C(=O)N(c1ccc(Oc3cccc(Oc4ccc(N5C(=O)c6ccc(C(*)(C(F)(F)F)C(F)(F)F)cc6C5=O)cc4)c3)cc1)C2=O,,1.306690546,0.179360522
*c1ccc2c(c1)C(=O)N(c1ccc(Sc3ccc(Oc4ccc(Sc5ccc(N6C(=O)c7ccc(C(*)(C(F)(F)F)C(F)(F)F)cc7C6=O)cc5)cc4)cc3)cc1)C2=O,,1.295180711,0.17007229
*c1ccc2c(c1)C(=O)N(c1ccc3c(c1)-c1cc(N4C(=O)c5ccc(C(*)(C(F)(F)F)C(F)(F)F)cc5C4=O)ccc1C3)C2=O,,1.262253686,0.174130825
*c1ccc2c(c1)C(=O)N(c1cccc(Oc3ccc(S(=O)(=O)c4ccc(Oc5cccc(N6C(=O)c7ccc(C(*)(C(F)(F)F)C(F)(F)F)cc7C6=O)c5)cc4)cc3)c1)C2=O,,1.317245118,0.163208541
*c1ccc2c(c1)C(=O)N(c1cccc(Oc3cccc(Oc4cccc(N5C(=O)c6ccc(C(*)(C(F)(F)F)C(F)(F)F)cc6C5=O)c4)c3)c1)C2=O,,1.30619974,0.163896306
*c1ccc2c(c1)C(=O)N(c1cccc(S(=O)(=O)c3cccc(N4C(=O)c5ccc(C(*)(C(F)(F)F)C(F)(F)F)cc5C4=O)c3)c1)C2=O,,1.336308485,0.150446539
*c1ccc2c(c1)Cc1cc(N3C(=O)c4ccc(-c5ccc6c(c5)C(=O)N(*)C6=O)cc4C3=O)ccc1-2,,1.225343754,0.460950768
*c1ccc2sc3ccc(-c4nc5cc(-c6ccc7[nH]c(*)nc7c6)ccc5[nH]4)cc3c2c1,,1.22005735,0.263202779
*c1cccc(-c2nc3cc(-c4ccc5nc(*)c(-c6ccc7ccccc7c6)nc5c4)ccc3nc2-c2ccc3ccccc3c2)c1,,1.095943981,0.244614479
*c1cccc(-c2nc3cc(-c4ccc5nc(*)c(-c6ccccc6)nc5c4)ccc3nc2-c2ccccc2)c1,,1.066267313,0.231952429
*c1cccc(-n2c(=O)c3cc4c(=O)n(*)c(=O)c4cc3c2=O)c1C,,1.169276438,0.347931798
*c1cccc(N2C(=O)c3cc4C(=O)N(*)C(=O)c4cc3C2=O)c1,,1.294253824,0.335322506
*c1cccc(N2C(=O)c3ccc(-c4ccc5c(c4)C(=O)N(*)C5=O)cc3C2=O)c1,,1.239575297,0.328084105
*c1cccc(N2C(=O)c3ccc(-c4ccc5c(c4)C(=O)N(*)C5=O)cc3C2=O)c1C,,1.15533487,0.301425488
*c1cccc(N2C(=O)c3ccc(-c4cccc5c4C(=O)N(*)C5=O)cc3C2=O)c1,,1.240217083,0.220725294
*c1cccc(N2C(=O)c3ccc(C(=O)c4ccc5c(c4)C(=O)N(*)C5=O)cc3C2=O)c1,,1.262038362,0.246673488
*c1cccc(N2C(=O)c3ccc(C(c4ccc5c(c4)C(=O)N(*)C5=O)(C(F)(F)F)C(F)(F)F)cc3C2=O)c1,,1.317287284,0.17288835
*c1cccc(N2C(=O)c3ccc(Oc4ccc(C(C)(C)c5ccc(Oc6ccc7c(c6)C(=O)N(*)C7=O)cc5)cc4)cc3C2=O)c1,,1.202697866,0.234647472
*c1cccc(N2C(=O)c3ccc(Oc4ccc5c(c4)C(=O)N(*)C5=O)cc3C2=O)c1,,1.280091609,0.256393833
*c1cccc(N2C(=O)c3ccc(Oc4ccc5c(c4)C4(CC(C)(C)c6ccc(Oc7ccc8c(c7)C(=O)N(*)C8=O)cc64)CC5(C)C)cc3C2=O)c1,,1.139268236,0.195425517
*c1cccc(Oc2ccc(N3C(=O)c4cc5C(=O)N(*)C(=O)c5cc4C3=O)cc2)c1,,1.284270014,0.262134449
*c1cccc(Oc2ccc(N3C(=O)c4ccc(-c5ccc6c(c5)C(=O)N(*)C6=O)cc4C3=O)cc2)c1,,1.252942085,0.281444426
*c1cccc(Oc2ccc(N3C(=O)c4ccc(C(=O)c5ccc6c(c5)C(=O)N(*)C6=O)cc4C3=O)cc2)c1,,1.267108398,0.264017299
*c1cccc(Oc2ccc(N3C(=O)c4ccc(C(c5ccc6c(c5)C(=O)N(*)C6=O)(C(F)(F)F)C(F)(F)F)cc4C3=O)cc2)c1,,1.305857302,0.170631828
*c1cccc(Oc2ccc(N3C(=O)c4ccc(Oc5ccc6c(c5)C(=O)N(*)C6=O)cc4C3=O)cc2)c1,,1.271392185,0.248953031
*c1cccc(Oc2ccc(S(=O)(=O)c3ccc(Oc4cccc(-n5c(=O)c6cc7c(=O)n(*)c(=O)c7cc6c5=O)c4)cc3)cc2)c1,,1.296610121,0.218423483
*c1cccc(Oc2ccc(S(=O)(=O)c3ccc(Oc4cccc(N5C(=O)c6ccc(-c7ccc8c(c7)C(=O)N(*)C8=O)cc6C5=O)c4)cc3)cc2)c1,,1.27232919,0.227124785
*c1cccc(Oc2cccc(Oc3cccc(-n4c(=O)c5cc6c(=O)n(*)c(=O)c6cc5c4=O)c3)c2)c1,,1.295820551,0.22483537
*c1cccc(Oc2cccc(Oc3cccc(N4C(=O)c5ccc(-c6cccc7c6C(=O)N(*)C7=O)cc5C4=O)c3)c2)c1,,1.245112428,0.194879024
*c1cccc(P(=O)(c2ccc(C(F)(F)F)cc2)c2cccc(-n3c(=O)c4c(-c5cc(C(F)(F)F)cc(C(F)(F)F)c5)c5c(=O)n(*)c(=O)c5c(-c5cc(C(F)(F)F)cc(C(F)(F)F)c5)c4c3=O)c2)c1,,1.290758894,0.130279594
*c1cccc(P(=O)(c2ccc(C(F)(F)F)cc2)c2cccc(-n3c(=O)c4c(-c5ccc(C(F)(F)F)cc5)c5c(=O)n(*)c(=O)c5c(-c5ccc(C(F)(F)F)cc5)c4c3=O)c2)c1,,1.240680333,0.149548685
*c1cccc(P(=O)(c2ccc(C(F)(F)F)cc2)c2cccc(-n3c(=O)c4c(-c5ccccc5)c5c(=O)n(*)c(=O)c5c(-c5ccccc5)c4c3=O)c2)c1,,1.191105752,0.168077953
*c1cccc(P(=O)(c2ccc(C(F)(F)F)cc2)c2cccc(-n3c(=O)c4cc5c(=O)n(*)c(=O)c5cc4c3=O)c2)c1,,1.274278888,0.18075284
*c1cccc(P(=O)(c2cccc(-n3c(=O)c4c(-c5cc(C(F)(F)F)cc(C(F)(F)F)c5)c5c(=O)n(*)c(=O)c5c(-c5cc(C(F)(F)F)cc(C(F)(F)F)c5)c4c3=O)c2)c2cc(C(F)(F)F)cc(C(F)(F)F)c2)c1,,1.312247717,0.122779381
*c1cccc(P(=O)(c2cccc(-n3c(=O)c4c(-c5ccc(C(F)(F)F)cc5)c5c(=O)n(*)c(=O)c5c(-c5ccc(C(F)(F)F)cc5)c4c3=O)c2)c2cc(C(F)(F)F)cc(C(F)(F)F)c2)c1,,1.275974405,0.141923307
*c1cccc(P(=O)(c2cccc(-n3c(=O)c4c(-c5ccccc5)c5c(=O)n(*)c(=O)c5c(-c5ccccc5)c4c3=O)c2)c2cc(C(F)(F)F)cc(C(F)(F)F)c2)c1,,1.217051099,0.14675416
*c1cccc(P(=O)(c2cccc(-n3c(=O)c4cc5c(=O)n(*)c(=O)c5cc4c3=O)c2)c2cc(C(F)(F)F)cc(C(F)(F)F)c2)c1,,1.318625494,0.163382142
*c1cccc(P(=O)(c2ccccc2)c2cccc(-n3c(=O)c4c(-c5cc(C(F)(F)F)cc(C(F)(F)F)c5)c5c(=O)n(*)c(=O)c5c(-c5cc(C(F)(F)F)cc(C(F)(F)F)c5)c4c3=O)c2)c1,,1.256448494,0.131716821
*c1cccc(P(=O)(c2ccccc2)c2cccc(-n3c(=O)c4c(-c5ccc(C(F)(F)F)cc5)c5c(=O)n(*)c(=O)c5c(-c5ccc(C(F)(F)F)cc5)c4c3=O)c2)c1,,1.211199174,0.150823834
*c1cccc(P(=O)(c2ccccc2)c2cccc(-n3c(=O)c4c(-c5ccccc5)c5c(=O)n(*)c(=O)c5c(-c5ccccc5)c4c3=O)c2)c1,,1.146744103,0.177458779
*c1cccc(P(=O)(c2ccccc2)c2cccc(-n3c(=O)c4cc5c(=O)n(*)c(=O)c5cc4c3=O)c2)c1,,1.23347752,0.201453995
*c1cccc(S(=O)(=O)NCCCCCCNS(*)(=O)=O)c1,,1.285079964,0.20809775
*c1cccc2c(N3C(=O)c4ccc(-c5ccc6c(c5)C(=O)N(*)C6=O)cc4C3=O)cccc12,,1.148099012,0.315217824
*n1c(=O)c2cc3c(cc2c1=O)c(=O)n(c3=O)CCCCCCCCC*,,1.170652605,0.291014208
